CellID,X_centroid,Y_centroid,phenotype
268,29626.416362308253,4994.4616508400295,Ki67+ tumor cells 
1443,30005.73340832396,6198.825646794151,Ki67+ tumor cells 
2341,29584.11546610169,5012.258474576272,tumor cells
3229,29850.213201320134,5398.96501650165,Ki67+ tumor cells 
4620,30318.757009345794,5249.735202492212,Ki67+ tumor cells 
5130,29743.058585858587,5235.833333333333,Ki67+ tumor cells 
5260,29951.529958677685,6150.490702479339,Ki67+ tumor cells 
6310,29724.6380866426,5768.089350180506,Ki67+ tumor cells 
6646,29519.10817307692,5415.049278846154,Ki67+ tumor cells 
6733,29667.1296402056,5016.251856082239,tumor cells
7147,29439.16339869281,5304.298039215686,tumor cells
7776,30198.641025641027,4952.663817663818,tumor cells
8699,30139.78978978979,5991.544544544545,tumor cells
9472,30005.61416361416,4843.681318681319,tumor cells
10110,29917.4244235696,5476.8872758326215,tumor cells
12252,29943.203918076582,6047.381121994657,tumor cells
13330,30362.614730878187,4966.957507082153,dendritic cells
13598,30008.12073490813,5314.09842519685,tumor cells
14231,29897.438477226377,5978.388851121686,tumor cells
14550,29826.48670605613,5367.467503692762,tumor cells
17447,29747.78227848101,4996.481012658228,tumor cells
18673,29917.32098765432,5936.234567901234,tumor cells
19802,29571.27519051652,4853.359017781541,Ki67+ tumor cells 
20048,29423.599700149924,5328.305847076462,tumor cells
20428,29723.58199356913,4860.7073954983925,tumor cells
21433,30389.436781609194,5903.494252873563,Ki67+ tumor cells 
22720,29987.974545454545,6015.508181818182,Ki67+ tumor cells 
25172,29795.80684104628,5435.789738430583,Ki67+ tumor cells 
25580,29495.434127979926,5001.893350062735,tumor cells
25651,30139.64854368932,4576.147572815534,effector CD8+ T cells
26607,30158.60742407199,4988.871766029246,tumor cells
27349,30293.86116322702,5380.332082551595,Ki67+ tumor cells 
27684,30091.05492297388,6002.361687876758,Ki67+ tumor cells 
27798,29619.667384284177,5374.1517761033365,Ki67+ tumor cells 
28800,29949.948798328107,5441.241379310345,tumor cells
32637,29999.163556531283,5763.637760702524,tumor cells
32647,29904.86134852801,6077.260208926876,Ki67+ tumor cells 
33586,30045.80873493976,5230.6777108433735,tumor cells
33647,29922.352426412093,5873.743038981703,Ki67+ tumor cells 
34976,29610.30689329556,5041.349386213409,tumor cells
35314,29944.91728525981,5900.554612937433,tumor cells
37035,29669.545787545787,4676.468864468865,tumor cells
39616,29637.3797979798,5530.958585858586,Ki67+ tumor cells 
41561,29864.78471575024,5717.755824790308,Ki67+ tumor cells 
41611,29701.387176325523,5624.580764488286,tumor cells
43103,29935.166023166024,5134.808236808237,Ki67+ tumor cells 
43587,29745.883435582826,5992.211656441717,memory CD8+ T cells
45482,29673.31701030928,4810.390463917526,tumor cells
48760,29866.79448621554,5646.716791979949,Ki67+ tumor cells 
52179,29634.75736325385,5115.43618513324,Ki67+ tumor cells 
52199,29412.448163265308,5023.364081632653,Ki67+ tumor cells 
52665,30141.950363196127,4957.210653753026,Ki67+ tumor cells 
54672,29879.9209486166,5771.756258234519,tumor cells
54930,29673.30807453416,5259.672049689441,tumor cells
55487,29528.05113636364,5013.389204545455,tumor cells
58384,29693.86098360656,5707.603278688524,Ki67+ tumor cells 
58704,29599.24596273292,5328.458385093168,tumor cells
58722,30224.97849462365,5568.201612903225,tumor cells
59481,30356.5552596538,4868.105193075899,tumor cells
60415,30094.57507507508,6035.635135135135,tumor cells
61359,30015.913738019168,4733.980830670927,effector CD8+ T cells
62402,29602.214057507987,4941.866879659212,tumor cells
62803,30008.83936651584,4766.276018099547,tumor cells
64938,29420.34516523868,5275.352509179927,Ki67+ tumor cells 
64996,29757.08823529412,5386.909007352941,tumor cells
65228,30090.66774193549,5252.825806451613,Ki67+ tumor cells 
68548,30439.49570200573,5743.358166189112,tumor cells
70286,29639.420689655173,5146.430344827586,tumor cells
71499,30307.095541401275,4773.583864118896,Ki67+ tumor cells 
71672,30277.19262295082,4964.477459016393,tumor cells
74200,30308.153919694072,5608.2523900573615,tumor cells
75083,30039.37786259542,4935.599236641221,Ki67+ tumor cells 
75478,29778.41039426524,5471.327956989248,tumor cells
75686,30251.453245324534,4946.437843784379,tumor cells
77824,29519.633704735377,5256.770194986072,tumor cells
77864,30368.48707753479,5133.890656063619,tumor cells
78064,29752.00318809777,4833.607863974496,tumor cells
82313,29693.354812398044,5748.011419249592,tumor cells
82407,29721.518735363,5391.710772833723,tumor cells
82423,29925.318965517243,5506.25,tumor cells
84122,30189.16159250585,5521.871194379391,memory CD4+ T cells
84790,29610.984759671748,4888.594372801876,tumor cells
85557,29383.964879852127,5231.617375231053,tumor cells
85735,29770.22873345936,5277.586011342155,tumor cells
85830,30149.168975069253,4682.196675900277,tumor cells
85945,30231.940397350994,5061.0331125827815,tumor cells
88660,29634.70288248337,4705.119733924612,tumor cells
90783,29592.850129198967,4971.262273901809,tumor cells
91383,29947.94716981132,4685.5698113207545,dendritic cells
91545,30225.50959488273,5747.327292110875,effector CD8+ T cells
91965,29845.84911717496,6115.298555377207,Unknown
93416,30439.5684754522,5867.37984496124,tumor cells
95304,30257.77644492912,4873.885496183206,tumor cells
99728,29408.800894854587,5137.850111856823,Ki67+ tumor cells 
100676,30301.835069444445,4802.798611111111,Ki67+ tumor cells 
103160,29735.59026128266,5027.022565320665,tumor cells
103833,30381.4649859944,5241.63025210084,NK
103894,29654.982986767485,5558.994328922496,tumor cells
103899,30222.342857142856,5785.114285714286,Ki67+ tumor cells 
103921,30000.66206896552,5435.356896551724,tumor cells
105808,30408.37702503681,5609.0117820324,neutrophils
105898,30345.67544539117,5555.003872966692,Ki67+ tumor cells 
106242,29451.985754985755,5207.059829059829,Ki67+ tumor cells 
107725,30115.76953907816,4913.407815631263,tumor cells
108144,30044.80104712041,5598.136125654451,tumor cells
110078,29599.45023148148,5133.25,Ki67+ tumor cells 
112239,29742.33501896334,5191.427307206069,tumor cells
112516,30106.710144927536,5491.217391304348,effector CD8+ T cells
112565,30398.81842818428,5105.663956639566,tumor cells
113070,29982.78364116095,5703.076517150395,Ki67+ tumor cells 
113758,29977.28976377953,4782.992125984252,tumor cells
114293,29823.68885672938,5543.29522431259,Ki67+ tumor cells 
116347,30326.4191461837,4919.547218628719,tumor cells
117467,30132.975903614457,5910.895180722891,tumor cells
118759,29566.181628392485,5132.438413361169,tumor cells
119017,29810.49747474748,4732.727272727273,tumor cells
120760,29444.31202435312,5150.251141552511,tumor cells
124078,29999.36756756757,5821.397297297297,Ki67+ tumor cells 
124082,30457.78871391076,5121.476377952756,tumor cells
127050,29830.46460980036,5637.725952813067,tumor cells
127658,30576.778656126484,5779.735177865613,tumor cells
128029,29865.33027522936,6183.978593272172,tumor cells
128480,29946.198433420366,5315.46866840731,tumor cells
128965,30133.21554770318,4633.268551236749,effector CD8+ T cells
130161,30325.035794183445,4828.74384787472,Ki67+ tumor cells 
130187,30166.28500986193,5669.423076923077,tumor cells
132959,30416.44050802139,6059.709224598931,Ki67+ tumor cells 
133407,30224.63829787234,5515.73670212766,tumor cells
135024,29837.434659090908,4838.357954545455,Ki67+ tumor cells 
135564,30165.22280130293,5444.452117263843,Ki67+ tumor cells 
139541,30324.19482496195,5152.44901065449,Ki67+ tumor cells 
143034,29780.6997206704,5224.212290502794,tumor cells
144334,29861.94729136164,5615.426061493411,tumor cells
146755,29774.152651312263,5781.698446705946,Ki67+ tumor cells 
147857,29719.566820276497,5822.752688172043,Ki67+ tumor cells 
148523,29651.865199449792,5389.484181568088,tumor cells
150149,29557.357676348547,5089.560165975104,Ki67+ tumor cells 
150315,30109.82848392037,5128.514548238897,tumor cells
150319,29823.76923076923,5466.408815903198,tumor cells
151617,29940.9512195122,5998.921409214092,Ki67+ tumor cells 
152072,29673.63123644252,5161.605206073753,tumor cells
153724,30069.172413793105,5789.793103448276,tumor cells
154208,29714.73791348601,5850.506361323155,effector CD8+ T cells
154966,30301.86017357763,4935.22468659595,Ki67+ tumor cells 
155445,30185.80078125,5292.880859375,Ki67+ tumor cells 
155716,30428.748466257668,5117.041411042945,tumor cells
156340,30417.64031007752,5405.767441860465,tumor cells
156547,29667.332911392405,4761.817721518987,tumor cells
157127,29773.33595800525,4903.308398950131,tumor cells
158282,29924.50381679389,5732.809160305344,regulatory T cells
158560,30040.79317697228,6177.355010660981,tumor cells
159774,29648.41367521368,5670.91452991453,tumor cells
160359,30177.143302180684,5735.831775700935,memory CD4+ T cells
160758,30071.935162094764,6152.124688279302,tumor cells
160896,29972.028376844493,4823.883087400681,tumor cells
161132,30035.334653465343,5014.724752475247,tumor cells
161275,30121.681446907816,5454.095682613769,tumor cells
162121,30339.297297297297,4697.54954954955,tumor cells
162700,29687.836017569545,5291.10102489019,tumor cells
163650,30097.46174863388,5158.893442622951,tumor cells
165110,30112.0703517588,5282.726130653266,tumor cells
166796,29917.32474226804,4815.023711340206,Ki67+ tumor cells 
166827,29701.94575471698,4956.330188679245,regulatory T cells
170174,29808.08611111111,5054.555555555556,tumor cells
173682,30190.43674698795,5162.509036144578,tumor cells
174383,30040.469366562826,6053.583592938733,Ki67+ tumor cells 
176110,30627.8424796748,5782.070121951219,tumor cells
177311,30148.575,5734.625,M2 macrophages
178248,30365.176278563657,5886.294885745376,Ki67+ tumor cells 
178806,30345.529225908373,4946.579778830964,tumor cells
179781,30180.236842105263,5185.368421052632,tumor cells
181144,30263.48788927336,5568.978085351788,tumor cells
181272,29401.6,5250.386666666666,Ki67+ tumor cells 
182252,29839.41091492777,5763.46227929374,tumor cells
184500,29953.27544247788,5107.519911504425,tumor cells
184976,29823.677631578947,5787.096491228071,tumor cells
187251,30237.150214592275,5828.158798283262,tumor cells
187628,29823.71214017522,4793.7371714643305,tumor cells
188403,29474.44862385321,5345.719266055046,Ki67+ tumor cells 
190318,29989.214801444043,5900.51925391095,Ki67+ tumor cells 
190554,29621.09760956175,5593.414342629482,M1/M0 macrophages
190828,29831.29200819672,5095.24487704918,tumor cells
193788,29824.61630695444,4881.642685851319,tumor cells
193795,29852.25287356322,4955.028735632184,dendritic cells
193807,29602.848806366048,4841.742705570292,Ki67+ tumor cells 
193921,30196.64696485623,5322.375399361023,tumor cells
194034,29796.64542651593,4970.180883864337,tumor cells
194853,30331.21359223301,4751.363106796117,Ki67+ tumor cells 
195598,29946.4593175853,5543.685039370079,tumor cells
199395,30341.83880597015,5903.841791044776,M1/M0 macrophages
199732,29532.07244318182,5125.400568181818,tumor cells
200400,30523.611295681065,5720.043189368771,memory CD4+ T cells
201162,29921.129441624365,5634.819796954314,tumor cells
201765,30205.600451467268,4856.119638826185,tumor cells
201894,29702.61832740213,5501.877224199288,Ki67+ tumor cells 
202469,30273.978855721394,5638.863805970149,Ki67+ tumor cells 
204998,30295.90537383177,4873.619158878505,tumor cells
205212,29416.57554945055,5207.164835164836,Ki67+ tumor cells 
205842,30008.91743119266,5469.105504587156,tumor cells
205953,29840.59852820932,5834.932134096484,Ki67+ tumor cells 
207608,29948.466666666667,5187.938666666667,tumor cells
208245,29963.532967032967,4705.690476190476,other APCs
208359,29739.281499202552,5533.989633173844,tumor cells
208364,29955.96100278552,5017.781337047354,Ki67+ tumor cells 
208669,29979.48108108108,5203.997297297297,tumor cells
211150,29747.608899297426,5670.792740046839,tumor cells
212004,29961.50480769231,4958.322115384615,Ki67+ tumor cells 
212459,29801.04358974359,6194.758974358974,memory CD8+ T cells
212695,30094.343117408906,6113.484817813765,tumor cells
213164,29526.186700767263,4890.744245524296,memory CD8+ T cells
213224,30426.96901408451,5196.304225352113,dendritic cells
214380,29495.42193675889,5133.551383399209,tumor cells
215438,29805.722095671983,5639.835990888383,M1/M0 macrophages
221484,29962.309148264983,6223.140904311252,Ki67+ tumor cells 
222429,29867.037162162163,5210.179054054054,tumor cells
222618,30404.82128514056,5427.5140562249,tumor cells
222810,30285.166666666668,5528.97,dendritic cells
222813,30223.33273381295,4794.886690647482,tumor cells
223460,29716.59139784946,5167.555555555556,tumor cells
227859,30208.18468468469,4738.342342342342,tumor cells
227899,30102.13653846154,5584.600961538462,tumor cells
228362,29728.84901960784,5356.28431372549,tumor cells
229050,29521.615183246075,5157.081151832461,tumor cells
229792,29672.298932384343,4723.850533807829,Ki67+ tumor cells 
230189,29930.955602537,6109.858350951375,Ki67+ tumor cells 
230851,30210.44234404537,4900.718336483932,tumor cells
232051,30338.51923076923,5365.35650887574,tumor cells
233241,29971.01990521327,5412.6047393364925,tumor cells
235940,30094.8752293578,5006.284403669725,tumor cells
238063,30126.170020120724,5623.085513078471,Ki67+ tumor cells 
239724,29956.16204690832,5720.1876332622605,tumor cells
240963,29850.019292604506,4926.382636655949,dendritic cells
242664,30136.46551724138,5707.735632183908,tumor cells
243081,30289.158653846152,5419.764423076923,Unknown
245716,30452.144,5651.828,M1/M0 macrophages
245743,29709.2539964476,5260.722912966252,Ki67+ tumor cells 
246155,30348.99220779221,5740.436363636363,M1/M0 macrophages
246942,29967.88496583144,5766.801822323462,Ki67+ tumor cells 
248386,30324.802739726027,4886.131506849315,tumor cells
250162,29892.29315628192,5453.212461695608,Ki67+ tumor cells 
250493,30080.582132564843,5645.175792507204,tumor cells
251462,30165.894366197183,4825.687323943662,Ki67+ tumor cells 
252781,30310.27565392354,5066.82092555332,effector CD8+ T cells
255528,30318.57575757576,5396.373737373738,tumor cells
256111,30105.828912466844,5530.118037135278,tumor cells
256339,29706.22641509434,5317.81475128645,Ki67+ tumor cells 
257111,30170.352800953515,5386.898688915376,tumor cells
257889,30579.47,5623.963333333333,effector CD8+ T cells
258219,30376.47524752475,5428.620933521924,tumor cells
258952,30075.66043165468,4954.093525179856,tumor cells
261435,30127.85728444004,6053.219028741328,tumor cells
262223,30158.392045454544,5780.258522727273,tumor cells
262606,30171.34560757496,5598.405049973698,tumor cells
263706,29834.50683176772,5682.047395388557,tumor cells
264216,29851.17681895093,5146.922165820643,tumor cells
265773,30105.31027857829,4954.294908741595,Ki67+ tumor cells 
266853,30329.10291262136,5066.55145631068,tumor cells
267386,30318.378048780487,4705.689024390244,NK
268514,29868.745515695067,5583.494394618834,Ki67+ tumor cells 
268702,29469.60348360656,5188.987704918033,tumor cells
270370,29881.66169154229,5420.921641791045,tumor cells
270497,30084.626923076925,5276.65,memory CD8+ T cells
272595,30195.772313296904,5351.950819672131,tumor cells
272823,29679.335243553007,4845.07640878701,tumor cells
273689,29879.92718446601,5361.46359223301,effector CD8+ T cells
274439,30053.46538024972,5845.005675368899,Ki67+ tumor cells 
275851,30343.854889589904,5017.504731861199,effector CD8+ T cells
276456,30478.0590809628,5828.374179431073,tumor cells
277388,29853.486486486487,5799.514514514514,tumor cells
277662,29449.685549132948,5022.514450867052,Ki67+ tumor cells 
279002,30257.34542314335,5383.474956822107,tumor cells
279983,30202.439393939392,5728.863636363636,M2 macrophages
280011,29798.694822888283,6093.566757493188,effector CD8+ T cells
280497,30072.13802083333,5206.65625,tumor cells
281015,30360.011406844107,5219.608365019011,Unknown
281123,30267.16383307573,4908.061823802163,tumor cells
281872,29987.34010152284,5939.045685279188,tumor cells
283943,29556.27864583333,5343.364583333333,Ki67+ tumor cells 
283973,30062.415162454872,5171.102888086642,tumor cells
285911,30065.928221859707,4747.647634584013,Ki67+ tumor cells 
287025,30369.404977375565,4902.253393665158,tumor cells
287325,29960.524390243903,5557.088414634146,memory CD4+ T cells
287874,30213.436408977555,5152.047381546135,tumor cells
288035,30148.0069124424,4922.687788018433,tumor cells
288177,30393.565789473683,4890.593984962407,tumor cells
288964,30299.34939759036,5174.330120481928,Ki67+ tumor cells 
289333,30390.52961672474,4968.20905923345,effector CD8+ T cells
289560,30387.189338235294,5574.056985294118,tumor cells
289743,29629.78151260504,4773.426890756303,tumor cells
290307,29920.886685552407,5048.980169971672,tumor cells
290339,29811.02413793104,6180.589655172414,memory CD8+ T cells
291567,29379.051446945337,5028.526259378349,Ki67+ tumor cells 
291658,30374.72668810289,4823.292604501608,tumor cells
292186,30001.53629032258,4957.691532258064,Ki67+ tumor cells 
293371,30100.993975903613,4557.262048192771,effector CD8+ T cells
293854,30124.390625,6099.359375,tumor cells
293896,30255.74501992032,5538.9123505976095,tumor cells
294535,29812.44094488189,6069.688188976378,Ki67+ tumor cells 
294723,29847.261770244822,4727.25988700565,M2 macrophages
294880,29672.59725685785,5195.486284289277,Ki67+ tumor cells 
295445,30275.454320987654,4929.992592592593,tumor cells
295855,30227.24086378737,4928.490033222592,tumor cells
296702,29645.72334293948,5618.293948126801,tumor cells
296814,30409.96153846154,5077.791666666667,tumor cells
298577,30263.90243902439,5331.673780487805,tumor cells
298698,29807.509433962263,5709.294811320755,regulatory T cells
298789,30099.38888888889,5848.8421052631575,tumor cells
299710,29829.371967654988,5739.106918238994,tumor cells
299720,30032.544843049327,5143.523542600897,Ki67+ tumor cells 
299947,30236.25782778865,5632.848336594912,tumor cells
300272,29814.59663865546,5589.996121525533,Ki67+ tumor cells 
300425,30250.013013013013,5766.493493493494,tumor cells
300460,30289.77880184332,5100.07603686636,Ki67+ tumor cells 
300874,30024.470796460177,5530.684955752213,tumor cells
302113,30576.918604651164,5828.638704318937,Ki67+ tumor cells 
302388,30489.4102189781,5959.005839416059,Ki67+ tumor cells 
303298,30258.89516129032,5915.366935483871,stromal cells
303421,30148.617063492064,5101.5297619047615,Ki67+ tumor cells 
303821,29528.360910031024,4859.014477766287,Ki67+ tumor cells 
305472,29667.30726256984,5641.472998137802,tumor cells
306043,30221.42396313364,5297.382488479263,tumor cells
308135,29680.11498973305,5365.8429158110885,tumor cells
311664,29580.8520263902,4917.394910461829,tumor cells
311827,29907.62839506173,5545.83950617284,tumor cells
311936,29527.7278761062,4993.203539823009,Ki67+ tumor cells 
312056,29537.06610703043,5213.727177334732,Ki67+ tumor cells 
312370,30020.87868852459,4691.373770491803,effector CD8+ T cells
312433,29773.866589327143,4948.455916473318,tumor cells
312698,30273.63001027749,4767.875642343268,Ki67+ tumor cells 
313259,30141.75053304904,4752.068230277186,tumor cells
313394,29797.99446290144,5089.116279069767,tumor cells
313403,29602.091160221,5434.386740331492,Ki67+ tumor cells 
313441,29679.14310051107,5776.686541737649,Unknown
314085,29791.502798507463,4872.375,tumor cells
315920,29954.943217665616,4985.662460567824,M2 macrophages
316898,30049.75114155251,6082.263698630137,tumor cells
318969,30234.05980066445,5886.887043189368,effector CD8+ T cells
319137,29590.527777777777,5466.240740740741,memory CD8+ T cells
319287,29676.786885245903,5407.002341920374,Ki67+ tumor cells 
319762,30404.202702702703,5936.529729729729,tumor cells
319861,30091.317771084337,5220.671686746988,tumor cells
320492,29968.30726256984,5301.914338919925,tumor cells
320886,29886.466417910447,6236.205223880597,Ki67+ tumor cells 
321254,30142.65376569038,4873.644351464435,Ki67+ tumor cells 
322833,30081.331343283586,4890.083582089553,tumor cells
324490,29811.20788530466,5849.5770609319,tumor cells
325686,30516.592319054653,5772.155096011817,Ki67+ tumor cells 
326010,30112.60349854228,6087.912536443148,M1/M0 macrophages
327240,30529.132203389832,5636.610169491525,effector CD8+ T cells
327298,30368.93001841621,5185.541436464088,Ki67+ tumor cells 
327558,30038.76701966717,5339.676248108926,tumor cells
328680,29486.349928876243,5101.9601706970125,tumor cells
329050,29866.85257985258,5970.69656019656,tumor cells
329438,29687.92464878672,5050.549169859515,tumor cells
329821,30263.484602917342,4841.171799027553,tumor cells
330786,30479.76347826087,5115.68,tumor cells
333481,29804.89440337909,5145.707497360085,tumor cells
333826,30024.24915824916,4810.653198653199,tumor cells
333994,29592.469753547422,5499.223300970873,memory CD8+ T cells
335119,30279.313901345293,4804.905829596412,tumor cells
335374,30043.078986587185,5799.538002980626,tumor cells
335725,30041.147948164147,6006.030237580993,tumor cells
335836,29814.70927835052,4908.655670103093,dendritic cells
338135,29537.82817869416,5313.759450171821,tumor cells
340408,29744.435501653803,5476.955898566704,tumor cells
342840,30311.708633093524,5870.510791366906,Ki67+ tumor cells 
344797,30327.99537037037,4790.833333333333,neutrophils
344829,30188.511857707508,5075.52766798419,tumor cells
345257,30170.914503816795,5318.287022900763,effector CD8+ T cells
346529,30219.5538579068,5603.829640947288,tumor cells
346856,30008.810109289618,5695.219945355191,tumor cells
349386,29771.28870858688,5548.914131169709,tumor cells
349682,30142.99222395024,5283.203732503888,tumor cells
350294,30321.889807162534,5538.80303030303,tumor cells
351121,29786.571428571428,4704.857142857143,tumor cells
355071,29577.68190298508,5436.9057835820895,Ki67+ tumor cells 
355922,30029.97777777777,4610.133333333333,tumor cells
356693,29566.92173913044,5193.108695652174,tumor cells
357184,30382.71028037383,5024.264797507788,tumor cells
357325,29361.972508591065,5249.871134020618,tumor cells
357636,29388.80681818182,5274.964285714285,Ki67+ tumor cells 
357812,29452.47446236559,5335.133064516129,Ki67+ tumor cells 
358325,29840.5875,5001.919642857143,tumor cells
358996,29755.71453900709,5053.297872340426,tumor cells
362121,29998.66350710901,4666.407582938388,effector CD8+ T cells
364091,29777.871338912133,5974.521966527197,Ki67+ tumor cells 
364440,30058.83354838709,4978.943225806452,tumor cells
365491,30132.2705078125,5657.29296875,Ki67+ tumor cells 
366250,30308.156308851223,5561.932203389831,tumor cells
366693,30015.282878411912,5051.574441687345,tumor cells
367400,30451.541125541127,6013.780952380952,Ki67+ tumor cells 
367417,30404.90813648294,5141.181102362205,memory CD4+ T cells
367497,30305.207011686143,5004.682804674458,tumor cells
368558,30001.016415868675,5794.020519835842,tumor cells
368919,30061.070588235296,5643.505882352942,tumor cells
368972,30033.61078717201,4863.913994169096,tumor cells
370456,30144.632492113564,5061.2523659306,Ki67+ tumor cells 
370758,30339.523046092185,5097.422845691383,tumor cells
372340,30135.840579710144,5153.115942028986,tumor cells
372496,29868.788659793816,5110.910652920962,tumor cells
372549,29997.8048,4802.8336,tumor cells
373444,30339.30612244898,5197.142857142857,tumor cells
375803,30128.30111524164,5177.315985130112,tumor cells
376056,29781.46765249538,5328.248613678374,tumor cells
376073,30039.52765957447,4670.6765957446805,stromal cells
376810,29841.3122605364,5428.988505747127,tumor cells
384523,29979.850241545893,6137.731078904992,tumor cells
384976,30103.192901234568,6134.020061728395,tumor cells
387856,29954.218809980805,5853.305182341651,Ki67+ tumor cells 
388163,29953.87796208531,4894.695497630331,tumor cells
388475,30121.338266384777,4653.397463002114,tumor cells
389544,30007.3092948718,5734.951923076923,tumor cells
389941,29518.774023231257,5049.038014783527,tumor cells
390536,29892.8598265896,5500.520231213873,tumor cells
391392,29871.329192546586,4764.48033126294,tumor cells
391465,29685.69010989011,4742.0615384615385,tumor cells
392908,29811.63009708737,5319.016504854369,tumor cells
393871,29778.21350762527,5611.074074074074,tumor cells
394077,30418.02281368821,4884.939163498098,memory CD8+ T cells
394710,30639.03888888889,5712.7444444444445,tumor cells
396696,30489.701357466063,5768.484162895928,M1/M0 macrophages
396839,30043.43824701196,5482.346613545817,tumor cells
396840,30022.83006535948,5369.486928104575,memory CD8+ T cells
396992,29870.19230769231,5529.747491638796,Ki67+ tumor cells 
397231,29535.86141575274,5177.740777666999,tumor cells
397271,30244.062913907284,4804.350993377483,memory CD8+ T cells
397695,29820.68794326241,5925.939716312057,effector CD8+ T cells
398181,30114.73628318584,4792.516814159292,tumor cells
400297,30209.528239202657,5678.248338870432,tumor cells
401249,30006.104,5006.882,tumor cells
402652,30444.31607629428,5073.200272479564,tumor cells
407422,30371.373493975905,5289.626506024097,memory CD4+ T cells
407944,30150.28796844181,5181.9033530572,tumor cells
408031,30248.65968586388,5896.44502617801,M1/M0 macrophages
408835,30396.15207373272,5294.820276497696,neutrophils
409732,30046.79938587513,5896.290685772774,tumor cells
410064,29763.396366639143,5917.8926507019,tumor cells
410827,29736.63016528925,5724.313016528926,Ki67+ tumor cells 
413423,29868.244421906693,6025.223123732251,M1/M0 macrophages
414968,30397.8137254902,5275.916666666667,neutrophils
415803,29642.23492462312,5316.853015075377,tumor cells
416754,29584.983240223464,4787.872905027933,tumor cells
418407,29979.77234242709,5856.768579492004,Ki67+ tumor cells 
419684,30454.854545454546,6053.809090909091,Ki67+ tumor cells 
420279,30152.84935064935,4640.062337662338,effector CD8+ T cells
421267,29596.67934224049,5205.686536485097,Ki67+ tumor cells 
423651,29563.54221635884,5382.242744063325,Ki67+ tumor cells 
424161,30222.97860962567,4850.459893048128,effector CD8+ T cells
424975,29698.494654312188,5558.722736992159,Ki67+ tumor cells 
425009,29896.733333333334,4774.247407407407,tumor cells
425107,29926.76377952756,5184.547244094489,NK
425344,30089.37133550489,5114.402280130294,tumor cells
426033,30074.26409903714,5869.834938101788,tumor cells
426245,29478.57523510972,5375.902821316615,Ki67+ tumor cells 
426717,29556.464788732395,5019.43661971831,tumor cells
427386,29493.394922425952,5167.552891396333,tumor cells
429094,30511.64360770578,5672.937828371279,tumor cells
430283,30077.051162790696,5598.925581395349,tumor cells
430296,29983.837045720986,5055.150058616647,tumor cells
430721,29824.011673151752,4966.476653696498,memory CD8+ T cells
431218,30240.152380952382,5142.533333333334,tumor cells
432220,30026.606927710844,4974.200301204819,tumor cells
433264,30331.894830659538,5616.320855614973,tumor cells
434296,30182.13832853025,5793.755043227666,effector CD8+ T cells
434502,30258.182308522115,5711.651564185545,tumor cells
435718,30024.262295081968,4651.4217585693,tumor cells
435901,29859.144329896902,4970.474226804124,memory CD4+ T cells
437821,30393.163265306124,5215.793002915452,Unknown
437887,29996.466666666667,5340.121428571429,tumor cells
439705,29475.142574257425,5232.172277227723,Ki67+ tumor cells 
442296,29645.9323583181,5589.177330895795,Ki67+ tumor cells 
443842,30419.14450867052,5633.358381502891,neutrophils
445626,30387.22171945701,5259.660633484163,memory CD4+ T cells
446109,29640.96688741722,4800.720750551876,Ki67+ tumor cells 
446398,29613.20996441281,4743.533807829182,tumor cells
447074,30291.22256568779,5444.831530139104,tumor cells
447248,29639.05192878338,4833.997032640949,tumor cells
447470,30159.70241286863,5340.758713136729,effector CD8+ T cells
448567,30332.488372093023,5124.31007751938,tumor cells
452506,29671.62222222222,5127.9944444444445,Ki67+ tumor cells 
453126,29918.097694840835,5832.805159165752,Ki67+ tumor cells 
453203,29889.391941391943,5255.202686202686,Ki67+ tumor cells 
454757,30243.1,5163.6392857142855,tumor cells
455119,30251.766970618035,4746.506585612969,tumor cells
457105,30289.26694329184,5233.824343015214,Ki67+ tumor cells 
457806,30081.532558139534,5310.0058139534885,tumor cells
457826,29668.93113342898,5339.014347202296,tumor cells
458907,30163.13648293964,5825.984251968504,tumor cells
463315,29924.10612244898,4671.734693877551,effector CD8+ T cells
464214,30128.39348079162,4829.43306169965,tumor cells
465291,30401.45351473923,5821.530612244898,tumor cells
467641,30108.882911392404,4879.625,tumor cells
467948,30416.64454976304,5830.5118483412325,neutrophils
468080,29961.324324324323,4666.913513513514,tumor cells
469471,30240.43438914027,5934.203619909502,neutrophils
470689,30069.349869451697,5138.08093994778,effector CD8+ T cells
472360,29888.901388888888,5613.654166666666,tumor cells
473717,30556.701307639367,5684.088093599449,tumor cells
474143,30184.475073313784,4845.404692082111,tumor cells
474150,30417.461340206184,5291.237113402062,neutrophils
475073,29941.80055401662,6022.448753462604,tumor cells
476288,30247.93548387097,5116.779156327543,tumor cells
477790,30420.63913043478,5908.752173913043,neutrophils
479778,29566.70012870013,5162.877734877735,tumor cells
480120,30240.321266968327,5398.64705882353,tumor cells
480639,30407.02448979592,5771.869387755102,tumor cells
482003,29494.96587301588,5289.52619047619,Ki67+ tumor cells 
483957,30225.52704576976,4876.798890429958,Ki67+ tumor cells 
485400,29991.67245657568,5229.777915632754,tumor cells
486326,30594.48632668145,5678.10051736881,tumor cells
488400,30186.265486725664,5835.539823008849,tumor cells
489164,29719.704241071428,4762.243303571428,Ki67+ tumor cells 
489409,30474.275471698114,5722.8490566037735,tumor cells
492266,30051.829145728643,5439.075376884422,tumor cells
493563,30056.339768339767,4684.007722007722,effector CD8+ T cells
494823,30119.41056218058,4588.408858603067,Ki67+ tumor cells 
495410,29908.368530020703,6204.285714285715,Ki67+ tumor cells 
496095,30199.804347826088,4691.0,tumor cells
496173,30064.27027027027,5243.481081081081,tumor cells
496742,30500.18205128205,5817.343589743589,tumor cells
497418,30332.602040816328,5872.010204081633,Ki67+ tumor cells 
497619,29708.466076696164,4808.138643067847,tumor cells
498023,30307.10386151797,5695.031957390146,tumor cells
498147,29658.35683760684,4887.647435897436,tumor cells
499590,29412.5,5350.378378378378,stromal cells
499974,29980.904977375565,4985.036199095022,tumor cells
502561,30198.01566951567,5099.954415954416,tumor cells
503364,30617.595660749503,5817.540433925049,M1/M0 macrophages
503425,29874.9762886598,5834.792783505155,Ki67+ tumor cells 
503905,30026.297504798466,5617.667946257197,Ki67+ tumor cells 
504874,29880.634072580644,5686.096774193548,tumor cells
505728,29821.185628742514,4768.5329341317365,memory CD8+ T cells
505744,30115.47875354108,4610.118980169972,Ki67+ tumor cells 
506577,29515.844884488448,5109.917491749175,tumor cells
508387,30353.914965986394,5244.455782312925,Unknown
508467,29831.348284960422,4746.480211081795,tumor cells
508687,29641.76031215161,5222.946488294315,Ki67+ tumor cells 
511474,29993.12888888889,4693.104444444444,tumor cells
512055,29786.742342342342,6028.302702702703,tumor cells
513958,30399.19383259912,5959.026431718062,M1/M0 macrophages
515059,30130.18086956521,6024.135652173913,tumor cells
515205,30386.72972972973,5313.5990990991,neutrophils
515422,30006.28912466844,5260.835543766579,effector CD8+ T cells
519467,29895.419410745235,4966.455805892548,tumor cells
520973,30166.132669983417,5158.978441127695,Ki67+ tumor cells 
522448,30202.768683274026,5754.494661921708,memory CD8+ T cells
523706,29797.15294117647,5118.511764705882,tumor cells
526211,29759.55483870968,6029.877419354839,tumor cells
527501,30203.6106870229,4824.465648854962,tumor cells
528502,30221.8769771529,5011.057996485061,M2 macrophages
530015,30179.135707410973,5636.381135707411,tumor cells
530448,29689.01152368758,5664.437900128041,Ki67+ tumor cells 
530823,29558.41030927835,5408.614432989691,tumor cells
532949,29909.80412371134,5598.033505154639,Ki67+ tumor cells 
533149,30378.7810707457,5472.4751434034415,memory CD8+ T cells
533876,29630.372727272726,5434.738181818182,tumor cells
536543,30599.28461538461,5786.807692307692,tumor cells
537714,30074.30420711974,5765.398058252427,tumor cells
538486,29921.762108262108,5308.138176638176,tumor cells
539221,29849.6660944206,6064.861802575108,tumor cells
539972,30322.342281879195,5289.464765100671,Unknown
540779,30019.707025411062,5669.680119581465,tumor cells
540797,30089.165975103733,4692.248962655602,effector CD8+ T cells
541307,29687.33702422145,5223.858131487889,Ki67+ tumor cells 
541347,30381.287334593573,5046.17202268431,Ki67+ tumor cells 
541943,30242.45751633987,5291.617647058823,tumor cells
543126,29780.178981937603,5660.796387520525,tumor cells
543912,29591.20783847981,5391.598574821853,Ki67+ tumor cells 
545088,30301.6,5282.901724137931,tumor cells
546602,29915.203125,4701.189453125,tumor cells
547277,29545.284146341462,5442.015853658537,Ki67+ tumor cells 
547724,29951.742946708466,5340.523510971787,tumor cells
548313,30070.82823529412,4661.529411764706,Ki67+ tumor cells 
549371,29881.78481012658,6111.811392405063,tumor cells
549496,30133.606707317074,5375.690548780488,tumor cells
549816,30398.383989145183,4806.488466757123,tumor cells
550182,29868.437813211844,4807.736674259681,Ki67+ tumor cells 
550190,30084.01219512195,5665.756097560976,memory CD4+ T cells
550620,30022.95641025641,5726.041025641026,tumor cells
551448,29429.396946564884,5182.687022900764,Ki67+ tumor cells 
551482,29561.33606557377,5259.595628415301,Ki67+ tumor cells 
553544,29755.70273224044,5743.328961748633,Ki67+ tumor cells 
555004,30140.805970149253,5718.664179104478,tumor cells
557294,30363.33471933472,5385.740124740125,tumor cells
557643,30646.99150382328,5683.254885301614,Ki67+ tumor cells 
557724,30119.82078313253,5216.406626506024,tumor cells
558505,30175.002004008016,5909.120240480962,tumor cells
559623,30387.841166936792,5349.374392220421,tumor cells
559874,29983.271062271066,4673.67032967033,tumor cells
561514,29665.02092050209,4925.200836820084,tumor cells
562321,30082.88950276243,4729.295580110497,effector CD8+ T cells
563730,30241.934097421203,5466.518624641833,memory CD4+ T cells
563764,30416.984848484848,5516.30303030303,neutrophils
564306,29619.287719298245,4716.852631578948,tumor cells
565602,30361.17051509769,4791.426287744227,tumor cells
565840,30348.369477911645,4760.795180722892,tumor cells
566088,30079.648478488984,5044.3830010493175,Ki67+ tumor cells 
566168,29651.615384615383,5283.930521091811,tumor cells
566260,29969.57758620689,4628.193965517241,tumor cells
566849,30549.276803118908,5826.151072124756,Ki67+ tumor cells 
566943,29985.701834862382,4894.898165137614,tumor cells
568536,29786.270380434784,5876.414402173913,tumor cells
568693,30466.756592292088,5931.888438133874,tumor cells
569949,30443.115913556,5171.707269155207,tumor cells
573772,30351.57254901961,5287.1098039215685,tumor cells
575102,30290.33031674208,5499.149321266968,tumor cells
576284,30198.27843137255,4759.5921568627455,M2 macrophages
576486,30404.33766233766,5754.012987012987,M2 macrophages
576833,30197.110565110564,5811.670761670762,tumor cells
580136,30344.77532228361,5444.394106813997,Ki67+ tumor cells 
580588,29797.830334190232,4752.987146529563,tumor cells
580598,30088.61097256858,5443.675810473816,tumor cells
580840,30353.40042826553,4814.790149892933,effector CD8+ T cells
581858,29495.443207126948,5458.507795100223,stromal cells
582241,30135.41756548536,5871.57781201849,tumor cells
583105,30163.251748251747,4564.995337995338,tumor cells
583436,30351.28502415459,5307.31884057971,tumor cells
584827,30248.1768707483,5882.122448979592,neutrophils
584858,29554.43820224719,5235.779026217228,Ki67+ tumor cells 
584866,30407.694280078897,4856.216962524655,tumor cells
587138,29583.188095238096,5304.169047619048,Ki67+ tumor cells 
587405,30472.22123893805,5961.82005899705,effector CD8+ T cells
588061,30047.66292134832,5969.337078651685,tumor cells
589300,29850.280922431863,4884.320754716981,M2 macrophages
589396,30224.61176470588,5263.405882352941,tumor cells
589661,29879.30754716981,5060.335849056603,tumor cells
590293,30481.56083916084,5193.318881118881,M2 macrophages
590790,30129.40588235294,5016.132352941177,Ki67+ tumor cells 
590938,29617.86974789916,5472.70693277311,tumor cells
591912,30437.89603960396,5513.579207920792,neutrophils
592263,29840.49005847953,5869.649122807017,tumor cells
593241,30195.30108991825,5557.697547683923,tumor cells
593874,30029.391480730224,5408.7525354969575,tumor cells
593942,30387.32762836185,5786.887530562347,tumor cells
595498,30409.601265822785,5456.601265822785,memory CD4+ T cells
595939,30316.191387559807,5031.77033492823,regulatory T cells
596708,30615.375886524824,5734.63829787234,neutrophils
596716,30084.92182410424,5179.159609120521,tumor cells
597875,29869.33580705009,6263.569573283859,regulatory T cells
598256,29927.883185840707,6221.154867256637,Ki67+ tumor cells 
599269,30239.279481132075,4983.716981132076,tumor cells
599430,29982.65933170334,6179.180114099429,tumor cells
599719,29723.19495412844,5054.567660550459,tumor cells
600655,29943.14443084456,5753.523867809057,tumor cells
602752,30194.7172489083,4796.99672489083,Ki67+ tumor cells 
603391,29554.72937771346,5508.942112879884,tumor cells
605946,30200.58530183727,4985.543307086614,M1/M0 macrophages
605966,29747.197260273973,5955.367123287671,effector CD8+ T cells
608936,30025.529021558872,5294.573797678276,tumor cells
609191,29447.25358166189,4963.965616045845,tumor cells
609483,29962.58024691358,5579.849382716049,tumor cells
610114,30249.27605633803,4821.816901408451,effector CD8+ T cells
611084,29937.516483516483,4856.423076923077,Ki67+ tumor cells 
611450,30341.76609105181,4669.58398744113,tumor cells
612428,30219.24203821656,5444.505307855627,memory CD4+ T cells
614562,30129.043956043955,5782.24358974359,tumor cells
614583,30144.501149425287,5834.425287356322,tumor cells
615201,29976.62808842653,5978.98699609883,Ki67+ tumor cells 
616324,29974.388978930307,5669.782820097244,Ki67+ tumor cells 
617403,29647.30470347648,5457.077709611452,other APCs
618082,30227.44292237443,5485.913242009133,tumor cells
618405,30550.89368770764,5742.614617940199,neutrophils
619397,29736.58864265928,5124.905817174516,tumor cells
621741,29871.74870466321,5869.0233160621765,tumor cells
621916,30349.82352941177,4979.0,tumor cells
621947,30110.38787878788,5766.175757575757,tumor cells
622275,30494.190721649484,5999.869845360825,Ki67+ tumor cells 
622669,30003.035842293903,6219.336917562724,Ki67+ tumor cells 
623419,29564.06367924528,5216.544811320755,Ki67+ tumor cells 
623908,30150.668604651164,5209.343023255814,tumor cells
624294,30094.33333333333,4626.333333333333,tumor cells
626260,30144.425196850392,5423.508436445444,tumor cells
626826,29910.464944649448,6169.59335793358,Ki67+ tumor cells 
628238,30426.458461538463,5487.378461538461,tumor cells
628535,30284.64620355412,5061.549273021002,tumor cells
630063,30240.387283237,5075.843930635838,tumor cells
630155,30275.98755186722,5040.497925311203,tumor cells
630347,30141.18439716312,5398.172576832151,tumor cells
630876,29818.20614035088,5619.793859649123,Ki67+ tumor cells 
632383,30349.241245136185,5774.715953307393,tumor cells
632613,30225.58319604613,5851.380560131795,Ki67+ tumor cells 
632872,29609.185416666667,5228.7875,Ki67+ tumor cells 
633626,29842.339779005524,6257.835635359116,tumor cells
634622,30149.53603603604,5125.051801801802,tumor cells
635965,29648.86130268199,5078.150191570881,tumor cells
636255,30074.36460554371,5697.351812366738,tumor cells
636698,29845.803347280336,5182.619246861925,Ki67+ tumor cells 
638116,29530.564583333333,5382.441666666667,memory CD4+ T cells
638440,30413.635849056605,4834.450943396227,Ki67+ tumor cells 
640282,30366.940104166668,5326.4921875,tumor cells
640584,30355.95157384988,5850.734866828087,tumor cells
640587,30015.158536585364,6092.716463414634,tumor cells
642112,29663.8470437018,5478.137532133676,Ki67+ tumor cells 
642384,30378.79740680713,5602.288492706645,Ki67+ tumor cells 
642567,29967.373647984263,5472.940019665683,tumor cells
642627,29515.770226537217,5234.53074433657,tumor cells
642924,30419.00770712909,5225.053949903661,tumor cells
645897,29962.712437810944,4735.338308457712,Ki67+ tumor cells 
646056,30057.79104477612,6111.975124378109,tumor cells
646973,29949.554794520547,6198.671232876713,tumor cells
647032,30071.70559610705,5492.643552311435,tumor cells
647097,29557.485788113696,5291.741602067184,tumor cells
648486,29812.212195121952,4937.470731707317,memory CD8+ T cells
649645,29883.985781990523,5287.829383886256,tumor cells
649745,29695.17192600653,4780.536452665941,tumor cells
651682,30388.943217665616,5155.195583596214,tumor cells
652419,29822.57948717949,6096.097435897436,memory CD8+ T cells
652535,30368.17721518988,4929.566003616636,dendritic cells
652584,30297.6186440678,5806.779661016949,tumor cells
652604,30359.319626168224,4998.785046728972,tumor cells
652632,29788.15898617512,5727.748847926267,memory CD8+ T cells
653376,29991.82089552239,5498.05671641791,NK
653421,29370.036363636365,5089.544385026738,Ki67+ tumor cells 
656789,30195.61460957179,5194.83879093199,tumor cells
657222,30102.78966789668,5356.881918819188,tumor cells
657843,30004.877632898697,6060.494483450351,Ki67+ tumor cells 
658506,30115.288209606988,4702.039301310044,tumor cells
659398,29396.558139534885,5102.907703488372,tumor cells
661223,29971.891304347828,4647.539855072464,tumor cells
661238,30106.54682779456,5677.429003021148,memory CD4+ T cells
663022,29977.11078717201,5335.787172011662,tumor cells
665377,30075.018433179725,4700.345622119816,effector CD8+ T cells
666443,29454.4349593496,4991.654471544715,tumor cells
666575,30310.23828125,4740.923177083333,Ki67+ tumor cells 
667758,29816.531400966185,5031.489533011272,tumor cells
668097,30434.03829787234,5240.63829787234,tumor cells
668326,30441.60884353741,5955.142857142857,tumor cells
668371,30201.415094339623,5772.122641509434,effector CD8+ T cells
668647,30370.33507853403,5114.17277486911,Ki67+ tumor cells 
669076,30097.147126436783,5788.519540229885,tumor cells
669683,29922.44074074074,5581.755555555556,tumor cells
671821,29632.10067114094,5405.8691275167785,stromal cells
673307,29736.548387096773,5921.873655913979,tumor cells
674501,30463.21476510067,5993.954697986577,Ki67+ tumor cells 
677042,30315.476495726496,5114.376068376068,tumor cells
677214,30179.78901734104,5756.910404624277,neutrophils
677530,29771.76374442793,5152.531946508172,tumor cells
678926,29388.46381578948,5161.330592105263,tumor cells
679022,30468.725603864736,5798.530434782609,Ki67+ tumor cells 
680045,30063.25068870524,5264.093663911845,tumor cells
681067,29792.34971098266,5519.799132947976,Ki67+ tumor cells 
682249,30171.42708333333,4783.208333333333,tumor cells
683039,29793.07177033493,6061.433014354067,Ki67+ tumor cells 
683067,30414.132575757576,5864.291666666667,neutrophils
683897,30322.50544662309,4676.81045751634,tumor cells
686076,29938.21183800623,4640.261682242991,Ki67+ tumor cells 
686167,30089.06880733945,4859.651376146789,Ki67+ tumor cells 
686386,29713.382244143035,5443.998766954377,tumor cells
686508,29788.928143712576,5019.725548902195,tumor cells
686920,30120.13242009133,5736.1392694063925,stromal cells
687469,30071.884615384617,5389.547817047817,tumor cells
689116,29760.353535353537,4726.23088023088,tumor cells
689209,30419.510050251258,5678.228643216081,tumor cells
690581,30215.21122112212,4687.953795379538,stromal cells
690708,30589.331786542924,5722.19373549884,tumor cells
690903,30090.198,6075.24,tumor cells
691310,29597.628808864265,4815.119113573407,tumor cells
691645,29631.929555895866,4855.395099540582,tumor cells
691651,29537.689727463312,4953.245283018868,Ki67+ tumor cells 
692202,30255.747663551403,5827.5046728971965,M2 macrophages
695325,30496.007462686568,5743.743781094528,tumor cells
695487,30186.948795180724,4871.792168674699,M1/M0 macrophages
697186,30183.34281437126,4899.511976047904,tumor cells
697292,29510.58791208791,5096.115384615385,tumor cells
698414,30314.189873417723,5358.447784810127,tumor cells
699042,29606.980790960453,5546.816949152542,Ki67+ tumor cells 
699470,30338.377649325623,4720.589595375723,Ki67+ tumor cells 
699595,30120.77882352941,5345.651764705883,Ki67+ tumor cells 
700115,30082.941176470587,5468.359861591695,tumor cells
700501,30120.866028708133,5710.306220095694,memory CD4+ T cells
701204,30557.344827586207,5758.041379310344,neutrophils
703723,29825.816438356163,5887.994520547945,tumor cells
704167,30121.86877394636,5962.612068965517,tumor cells
705693,29849.78354336545,6150.921423276501,Ki67+ tumor cells 
707937,30418.11218568665,5260.696324951644,Unknown
707956,30193.913284132843,5132.656826568265,tumor cells
709015,30145.86964795433,5576.07231208373,tumor cells
710094,30081.331578947367,4712.084210526316,effector CD8+ T cells
710852,30396.645083932854,5543.908872901679,tumor cells
710939,30259.78477690289,5791.700787401574,Ki67+ tumor cells 
712860,29986.03003003003,5291.328828828829,tumor cells
714876,29727.83064516129,4802.279569892473,Ki67+ tumor cells 
715055,30060.43205574913,5742.602787456446,Ki67+ tumor cells 
715147,29465.86642599278,4966.747292418772,tumor cells
715855,29907.929159802305,4753.449752883032,tumor cells
718549,30281.548066298343,5592.490607734807,tumor cells
719174,29634.501547987617,5344.6919504643965,tumor cells
719913,29768.93346379648,5505.197651663405,tumor cells
721153,30228.352226720646,5113.9453441295545,tumor cells
722141,30113.03658536585,5315.615176151761,tumor cells
722183,30285.57786885246,5348.027322404371,Unknown
726991,30608.032028469752,5717.231316725979,tumor cells
727277,30239.0871559633,5238.245412844037,tumor cells
729813,30047.8261589404,5048.024834437086,tumor cells
731799,29961.611909650925,5596.00410677618,tumor cells
732116,29793.41016949153,5999.030508474576,tumor cells
732661,29864.34782608696,6286.615942028986,NK
733299,30270.34161490684,5218.08850931677,tumor cells
734011,30103.164012738853,5048.404458598726,tumor cells
734183,30290.31052631579,5405.118421052632,effector CD8+ T cells
735060,30139.402088772847,4784.754569190601,tumor cells
736148,29486.75833333333,5251.741666666667,tumor cells
738268,30420.6875,5749.980113636364,tumor cells
738413,30134.910761154857,5328.498687664042,Ki67+ tumor cells 
742746,30203.112573099414,5253.856725146199,Ki67+ tumor cells 
743730,30277.88014981273,5154.823970037453,Unknown
746747,29723.07985480944,5516.827586206897,tumor cells
748375,30045.908333333333,4889.7375,tumor cells
749063,29957.076,4928.238666666667,Ki67+ tumor cells 
752231,29812.320652173912,4829.204710144928,tumor cells
753657,30019.72715231788,5848.498013245033,tumor cells
753688,30330.886021505376,4980.292473118279,tumor cells
754316,29628.289748953976,5266.279288702929,tumor cells
754960,29932.805214723925,5230.969325153375,tumor cells
755673,30156.78888888889,5759.988888888889,effector CD8+ T cells
756032,29634.54969879518,4962.0,tumor cells
756084,30499.14236111111,5711.461805555556,tumor cells
756313,29867.469696969696,4869.664141414141,tumor cells
756384,29396.25294117647,5296.729411764706,memory CD8+ T cells
756577,29497.73732718894,5208.5,Ki67+ tumor cells 
757400,29999.634782608697,5579.066666666667,Ki67+ tumor cells 
761541,30047.727078891257,5280.428571428572,tumor cells
762150,29411.213114754097,5171.153005464481,memory CD8+ T cells
763861,29469.23351648352,5008.994505494506,memory CD8+ T cells
764435,29686.59727891157,5449.654421768708,Ki67+ tumor cells 
764984,29599.13752455796,5619.029469548133,stromal cells
765084,29952.2028708134,5521.761722488039,tumor cells
765114,30110.93514915694,5817.2360570687415,tumor cells
766567,29927.24134419552,5411.622199592668,Ki67+ tumor cells 
766882,29491.344238975817,5035.0,Ki67+ tumor cells 
768166,30348.64491362764,5172.652591170825,tumor cells
768550,29903.92723004695,5114.192488262911,tumor cells
769083,30299.041666666668,5921.802777777778,Ki67+ tumor cells 
769185,30328.763347763343,5647.793650793651,tumor cells
770921,30160.97627965044,5486.019975031211,tumor cells
771089,30269.585454545453,5480.4,Ki67+ tumor cells 
771448,29715.00933125972,5085.407465007776,tumor cells
773551,29711.4345703125,4938.85546875,tumor cells
774313,29514.488372093023,5368.0282392026575,Ki67+ tumor cells 
775637,30056.46393762184,5082.202729044834,tumor cells
782016,30061.263541666667,5918.798958333334,tumor cells
782462,29832.92642140468,6242.541806020067,tumor cells
782811,30046.296391752578,4719.188144329897,Ki67+ tumor cells 
784128,29567.470394736843,4744.746710526316,tumor cells
784201,29570.510256410256,5549.380769230769,tumor cells
784659,29873.44571428572,4987.022857142857,tumor cells
784989,29553.136363636364,4994.5625,tumor cells
786029,30271.329842931937,5018.591623036649,tumor cells
786704,30365.92745098039,5356.380392156862,tumor cells
787537,29791.20717781403,5357.491027732463,Ki67+ tumor cells 
788247,30455.375399361023,5760.538338658147,tumor cells
789759,29888.950561797752,5904.469662921349,tumor cells
790244,30062.398305084746,6012.610169491525,neutrophils
792368,29803.12328767123,6261.904109589041,Unknown
793292,29550.22619047619,4964.595238095239,memory CD8+ T cells
793659,29549.386934673366,5364.369346733668,Ki67+ tumor cells 
793822,30073.33918128655,5349.984795321638,tumor cells
794641,29939.97432605905,5658.725288831835,tumor cells
794725,29439.852601156068,5089.0,Ki67+ tumor cells 
795030,30327.380136986303,5426.5445205479455,tumor cells
795164,30472.1133144476,5750.135977337111,tumor cells
795305,29441.66051136364,5236.828125,Ki67+ tumor cells 
795780,30294.289340101524,5891.950930626058,Ki67+ tumor cells 
796009,30284.35141903172,5687.078464106845,tumor cells
796299,29736.029702970296,5099.057991513437,tumor cells
796922,29769.328651685395,4798.544943820225,tumor cells
797080,29901.63657407408,5171.259259259259,tumor cells
797086,29996.761377613777,5094.142681426814,tumor cells
797398,30261.04519774012,5453.435028248588,neutrophils
797762,29958.205729166668,6069.3359375,tumor cells
797779,30014.83989266548,5982.761180679785,Ki67+ tumor cells 
797862,29735.322033898305,4900.238983050847,tumor cells
798012,30193.81044957473,5486.36695018226,tumor cells
799395,30106.065217391304,4680.948369565217,tumor cells
802272,29707.519762845848,5193.911067193676,Ki67+ tumor cells 
802770,29437.672222222223,5118.583333333333,tumor cells
802924,30167.179190751445,5541.638728323699,dendritic cells
806294,29809.3870967742,6036.799007444169,tumor cells
806522,29964.778563015312,5621.575971731449,Ki67+ tumor cells 
807101,30414.17948717949,5163.307692307692,tumor cells
807467,30200.554821664464,5219.220607661823,tumor cells
807643,29484.560975609755,5058.413008130081,tumor cells
808244,30113.24162011173,5938.258379888268,Ki67+ tumor cells 
809426,30205.734966592427,4719.115812917595,effector CD8+ T cells
810004,30058.35599078341,5945.048387096775,Ki67+ tumor cells 
811536,29649.77083333333,5432.925595238095,tumor cells
812051,29561.442455242966,4973.94884910486,effector CD8+ T cells
813449,30337.977099236643,5270.87786259542,Ki67+ tumor cells 
814004,30064.92093541203,5532.584632516704,tumor cells
815407,30260.83823529412,4984.0,tumor cells
818175,30358.696969696968,5651.095823095823,tumor cells
818600,29856.143269230768,5037.689423076923,tumor cells
818814,30229.905263157896,4747.014035087719,tumor cells
819518,29665.41884057971,4968.931884057971,tumor cells
819704,30055.42987804878,4611.987804878048,tumor cells
821699,29904.11904761905,4901.507142857143,tumor cells
822973,29714.93283582089,5131.773631840796,tumor cells
823297,29671.339285714286,5606.742857142857,effector CD8+ T cells
823622,30252.522727272728,5428.282828282829,Unknown
824052,29523.22433460076,5311.167300380228,Ki67+ tumor cells 
824373,30361.359050445102,5604.845697329377,tumor cells
825427,30228.3098265896,5038.947976878612,tumor cells
826810,30278.97192982456,5124.38947368421,tumor cells
828960,30178.89622641509,5775.764150943396,effector CD8+ T cells
830335,30405.02207505519,5848.971302428256,tumor cells
831307,29882.300261096607,5156.545691906005,memory CD8+ T cells
831544,29752.236842105263,4754.321052631579,tumor cells
831594,30324.91774891775,5795.883116883117,tumor cells
832630,29987.67264573991,5552.539611360239,tumor cells
833467,30318.464,5188.494,tumor cells
833627,29967.8897996357,5150.529143897997,Ki67+ tumor cells 
833742,30153.30365659777,5513.387917329093,tumor cells
835298,30288.49504950495,5841.4917491749175,tumor cells
835555,29856.25906735752,4749.243523316062,tumor cells
835758,29513.08695652174,4882.678260869565,M1/M0 macrophages
835872,29775.17777777778,5708.864197530864,tumor cells
835873,30171.89014925373,5038.489552238806,Ki67+ tumor cells 
836085,30377.66355140187,5202.72429906542,tumor cells
836374,29540.23144104804,5067.947598253275,tumor cells
838536,29929.604938271605,4783.167548500882,effector CD8+ T cells
840097,30058.91228070176,4648.178947368421,tumor cells
842513,30130.33333333333,4767.428571428572,tumor cells
843029,30179.697872340425,4627.925531914893,Ki67+ tumor cells 
843047,29519.594533029613,4826.986332574032,Ki67+ tumor cells 
843591,30268.091304347825,5409.960869565218,effector CD8+ T cells
844082,30447.154285714285,5451.631428571429,tumor cells
844159,29961.74597083653,5257.586339217191,Ki67+ tumor cells 
844283,29694.95588235294,4975.974264705882,tumor cells
847178,29596.035230352303,4685.40650406504,Ki67+ tumor cells 
847884,30101.489242282507,5416.1393826005615,tumor cells
849145,29802.44702467344,5934.129172714079,tumor cells
849281,29670.41739130435,5691.872463768116,tumor cells
849371,30158.172185430463,4541.013245033113,stromal cells
849743,29916.49173553719,5263.446280991736,tumor cells
850954,30055.072727272727,6021.336363636364,neutrophils
852571,29803.829145728643,4923.78391959799,dendritic cells
852639,29902.226845637582,5230.629530201342,tumor cells
853086,29878.46368715084,5932.633519553073,Ki67+ tumor cells 
853285,30256.288265306124,5864.400510204082,Ki67+ tumor cells 
853426,29538.565259117084,4908.327255278311,tumor cells
854905,30428.921532846714,5721.010948905109,tumor cells
855177,29372.362776025235,5281.157728706625,memory CD8+ T cells
855346,29731.08235294117,5326.967058823529,tumor cells
855923,30205.75487465181,5510.651810584958,tumor cells
856092,30183.54875717017,5262.338432122371,Ki67+ tumor cells 
856223,29909.238605898125,4937.627345844504,tumor cells
856336,30257.856097560976,5058.276829268293,M1/M0 macrophages
856497,29946.755434782608,4662.375,tumor cells
856997,29614.282685512368,4794.155477031803,tumor cells
858065,29916.165628891657,4877.270236612702,tumor cells
858219,30251.608040201005,5497.517587939698,dendritic cells
858769,29635.268253968254,4917.247619047619,tumor cells
859026,29819.33898305085,6227.970338983051,memory CD4+ T cells
859454,29891.104100946373,4993.958990536277,memory CD8+ T cells
859862,29833.610169491527,5903.715254237288,tumor cells
861421,30257.519906323185,5010.2365339578455,dendritic cells
862716,30351.03846153846,5264.778846153846,tumor cells
864321,30027.45498084291,5187.8975095785445,tumor cells
864475,30051.81571815718,6137.681120144534,Ki67+ tumor cells 
865438,29695.591133004928,5077.106732348112,tumor cells
865840,29923.234421364985,5090.756676557863,tumor cells
868018,30081.37837837838,5547.233108108108,tumor cells
868020,29456.93318485524,5108.278396436525,tumor cells
868069,30373.793478260868,5729.547101449275,tumor cells
871226,30052.710217755444,5712.197654941374,tumor cells
872069,29933.418639053256,5386.258875739645,tumor cells
872451,30063.18611987382,5676.347003154574,tumor cells
872925,30392.4501510574,5727.506042296072,Ki67+ tumor cells 
873180,29598.246527777777,5164.659722222223,Ki67+ tumor cells 
873230,29993.91540130152,4728.039045553145,tumor cells
873639,29566.54026845637,5525.357382550335,tumor cells
874174,30433.068649885583,5776.089244851259,tumor cells
874751,30174.46368715084,4644.991620111732,Ki67+ tumor cells 
875739,29856.02066772655,5914.337042925278,Ki67+ tumor cells 
875817,29591.41054313099,5267.803514376997,Ki67+ tumor cells 
876697,30343.54136429608,5481.44412191582,tumor cells
878240,29928.18060200669,4908.0,tumor cells
878858,29762.530263157896,4866.4631578947365,tumor cells
879713,29771.154995331464,5834.985994397759,Ki67+ tumor cells 
880046,29672.837398373984,5541.0609756097565,tumor cells
881122,30058.35059171597,5465.323964497042,tumor cells
881361,29743.944598337952,4941.337950138504,tumor cells
882365,30407.987046632123,5181.518134715026,dendritic cells
883133,29520.12648809524,5475.940476190476,Ki67+ tumor cells 
884931,29926.64136904762,5001.523065476191,Ki67+ tumor cells 
885372,30315.01151832461,5506.18219895288,tumor cells
885957,29760.082437275985,5348.560931899641,tumor cells
886705,30464.704128440368,5160.334862385321,tumor cells
887009,30383.257342657344,5667.205594405595,tumor cells
887401,29756.75581395349,4952.734496124031,tumor cells
889626,30164.71194379391,5283.768149882904,Ki67+ tumor cells 
890679,29838.6750524109,6199.654088050314,Ki67+ tumor cells 
890934,29990.919491525423,5024.495762711865,tumor cells
890971,29860.009615384617,5369.897435897436,effector CD8+ T cells
893086,30336.779761904763,5412.410714285715,neutrophils
893871,29870.005706134096,6212.547788873038,Ki67+ tumor cells 
895450,30534.36363636364,5766.495454545455,tumor cells
896500,29696.501639344264,5150.268852459017,tumor cells
897395,30242.28345626976,5197.236037934668,Unknown
897556,30281.29493087557,5266.955453149001,tumor cells
898689,29922.558583106267,4930.861035422344,Ki67+ tumor cells 
898718,30020.040506329115,5102.005063291139,tumor cells
899577,29497.18507157464,5316.740286298568,Ki67+ tumor cells 
901682,30358.97323135755,5816.717017208413,tumor cells
902776,30179.63962264151,4732.245283018868,effector CD8+ T cells
902784,29566.98557692308,4884.336538461538,tumor cells
905077,29738.60160427808,5647.639037433155,effector CD8+ T cells
905539,29913.79287031346,5697.248924400737,effector CD8+ T cells
906979,30427.050847457627,4872.566101694915,tumor cells
908596,30218.022193211487,5360.9086161879895,tumor cells
908924,30324.34672021419,5825.680053547523,stromal cells
909687,30381.027173913044,5076.836956521739,Ki67+ tumor cells 
909737,30043.17213114754,4700.204918032787,effector CD8+ T cells
909799,30177.92672998644,5886.040705563094,tumor cells
910985,30404.97129186603,5877.406698564593,tumor cells
911031,30454.31623931624,5195.589743589743,dendritic cells
911694,29950.489966555186,5956.107023411371,effector CD8+ T cells
913620,30379.183098591548,5000.519114688129,tumor cells
913923,29624.7101910828,5503.200636942675,Ki67+ tumor cells 
915029,29812.0,6214.58870967742,tumor cells
915568,29716.53003533569,5922.06890459364,tumor cells
915864,29553.428104575163,5320.885620915033,tumor cells
915897,30336.69366197184,5224.915492957746,Unknown
916913,30115.82200956938,5086.97990430622,Ki67+ tumor cells 
918917,30408.274509803923,5485.447058823529,tumor cells
920419,30005.05933682373,5377.005235602094,Ki67+ tumor cells 
920500,30081.625429553264,4677.80412371134,Ki67+ tumor cells 
920991,30169.99643493761,4753.88770053476,Ki67+ tumor cells 
921238,30290.89617486339,5320.513661202186,tumor cells
922009,29932.033653846152,5558.788461538462,dendritic cells
922315,30408.740634005764,5569.268011527378,Ki67+ tumor cells 
922828,30313.64193548388,5319.440322580645,Ki67+ tumor cells 
924925,30043.79365079365,5639.107936507937,Ki67+ tumor cells 
925156,30216.07831325301,5185.719879518072,dendritic cells
926248,30199.515151515152,5650.143939393939,tumor cells
926649,29777.82680412371,6117.837113402062,memory CD4+ T cells
927000,30441.888579387185,5708.161559888579,Ki67+ tumor cells 
927310,29930.8735632184,4734.46551724138,tumor cells
927744,30212.116,5826.728,tumor cells
927940,29907.808,5652.464,effector CD8+ T cells
928013,29516.496078431373,5452.86862745098,tumor cells
929546,29773.536796536795,6074.582972582973,Unknown
929562,30311.063176895303,4968.509025270758,tumor cells
929882,29635.115523465705,5051.27797833935,tumor cells
930410,30178.94808126411,4694.507900677201,Ki67+ tumor cells 
930672,30364.01948051948,4753.967532467533,tumor cells
930755,30252.714987714982,5271.56511056511,tumor cells
930948,30527.135802469136,5737.864197530864,neutrophils
931276,29762.97046413502,5097.890295358649,tumor cells
931583,29757.27000879508,5436.6517150395775,tumor cells
931739,30168.83037974684,4915.541772151899,tumor cells
931851,30081.852838121933,4814.865451997197,Unknown
932743,29612.666666666668,5609.463601532567,Ki67+ tumor cells 
932899,30315.43113772455,5907.017964071856,dendritic cells
934307,30403.10169491525,5688.867231638418,Ki67+ tumor cells 
936454,30246.527777777777,5345.828703703704,tumor cells
940008,30279.6,5307.342857142857,tumor cells
940113,30391.65625,5622.7265625,tumor cells
941602,29860.563025210085,6002.0210084033615,tumor cells
941725,30446.896162528217,5896.632054176072,tumor cells
942061,30350.45150501672,5586.633779264214,tumor cells
942234,29798.460674157304,4808.337078651685,tumor cells
944106,29877.462585034013,4948.828231292517,memory CD4+ T cells
947194,30346.59575795384,5706.547099189021,tumor cells
947983,29611.082508250824,5287.86798679868,tumor cells
949279,30138.44812362031,5239.401766004415,tumor cells
950564,30057.875,4702.356481481482,effector CD8+ T cells
951097,29999.815018315017,5157.020146520146,tumor cells
952020,29735.33532934132,4975.958083832335,tumor cells
952657,30129.15488215488,5849.070707070707,tumor cells
953382,30412.84107142857,5799.505357142857,tumor cells
956324,29970.163873370577,4857.655493482309,tumor cells
956605,29905.95419847328,5400.229007633588,tumor cells
956846,29638.888795282222,5184.744734625106,tumor cells
958529,30359.58095238095,5502.147619047619,tumor cells
958726,30445.16981132076,5497.41037735849,tumor cells
959281,30330.589743589742,5013.297435897436,tumor cells
959406,30197.39207048458,5848.90308370044,Ki67+ tumor cells 
960571,30051.25744308231,5307.7373029772325,tumor cells
961180,29435.13966480447,5049.888268156425,Ki67+ tumor cells 
961581,29835.153846153848,6177.497737556561,tumor cells
961782,30172.990291262136,4856.888349514563,tumor cells
963020,30441.754244139047,5825.706548100243,tumor cells
963227,29995.27002967359,5621.124629080119,tumor cells
964406,29691.21379310345,5100.845977011494,tumor cells
965325,29940.780952380952,5781.785714285715,tumor cells
965609,30424.794520547945,5507.904109589041,neutrophils
969147,30062.32622333752,4917.0878293601,tumor cells
969331,30386.98522167488,5688.482758620689,tumor cells
971943,30550.94897959184,5789.515306122449,tumor cells
972476,29922.908888888887,5715.422222222222,tumor cells
973874,30320.4197080292,5454.3576642335765,Ki67+ tumor cells 
973914,30003.90428211587,5505.221662468514,tumor cells
974840,30230.308781869688,4825.815864022663,effector CD8+ T cells
974884,30377.506666666668,5218.733333333334,Unknown
975517,30080.36201780416,5738.023738872404,Ki67+ tumor cells 
976550,29794.52996845426,6121.529968454259,M1/M0 macrophages
977385,30403.93009118541,5008.197568389058,tumor cells
978269,30276.49738219895,5904.879581151832,stromal cells
978908,30332.33823529412,5389.64705882353,tumor cells
979112,30379.373193166884,4773.666228646518,tumor cells
980070,30138.625,5695.763888888889,tumor cells
980724,30098.558510638297,5296.75,tumor cells
981321,30027.196132596684,6126.001381215469,tumor cells
981912,30004.1971830986,4713.757042253521,tumor cells
982460,29876.91522157996,4926.653179190752,tumor cells
982700,30327.50243902439,5213.385365853658,tumor cells
982728,30104.706896551725,5748.982758620689,tumor cells
983203,29989.803030303032,5358.625,memory CD4+ T cells
983333,30289.72815533981,5466.553398058252,tumor cells
984382,30045.81746920493,4802.541993281075,Ki67+ tumor cells 
985275,29587.01098901099,5348.879120879121,M2 macrophages
985625,30022.08031088083,5248.305699481865,tumor cells
986243,30388.693009118542,5841.872340425532,tumor cells
986673,29616.48520710059,5079.136094674556,tumor cells
987194,30073.71212121212,5425.378787878788,tumor cells
987807,29492.99626865672,5235.376865671642,Ki67+ tumor cells 
989043,30382.57516339869,4948.464052287582,tumor cells
989418,29683.286298568502,5486.451942740287,tumor cells
989945,30168.89861751152,5225.898617511521,tumor cells
992197,30047.864698646987,5110.768757687577,tumor cells
992362,30439.248299319726,5471.057823129252,tumor cells
992773,30391.546012269937,5197.993865030675,tumor cells
993907,29470.616858237547,5077.812260536399,tumor cells
994061,30437.85585585585,5149.806306306306,Ki67+ tumor cells 
994994,30189.449367088608,5457.424050632912,tumor cells
996806,30261.808823529413,5138.963235294118,tumor cells
997385,30011.962328767124,4877.66095890411,tumor cells
998560,29844.759322033897,5060.083050847457,Ki67+ tumor cells 
998839,29433.79245283019,5063.820754716981,Ki67+ tumor cells 
998842,30122.01171875,5549.55078125,Ki67+ tumor cells 
999778,30319.468634686345,5227.90405904059,tumor cells
1000872,30236.221556886227,5918.77245508982,M1/M0 macrophages
1001134,30118.44370860928,4562.437086092716,effector CD8+ T cells
1001370,30149.983333333334,5015.011111111111,tumor cells
1001904,30431.150793650795,5296.68253968254,tumor cells
1003090,30276.15555555556,5806.738888888889,tumor cells
1003980,30133.1875,5752.5234375,M1/M0 macrophages
1004082,30539.986363636363,5722.204545454545,tumor cells
1004139,30299.974522292992,5145.993630573248,tumor cells
1004234,30104.59756097561,5183.094512195122,tumor cells
1005749,30181.626126126128,5851.4324324324325,tumor cells
1006720,30223.74522292993,5811.273885350319,tumor cells
1007877,30467.91176470588,5867.108597285068,tumor cells
1008396,30414.54379562044,5036.098540145986,M2 macrophages
1008980,29476.047337278105,5022.940828402367,memory CD8+ T cells
1009296,30210.43981481481,5398.708333333333,tumor cells
1009303,29841.84858044164,5986.694006309148,tumor cells
1009575,29549.090443686007,5478.914675767918,Ki67+ tumor cells 
1009816,29510.44512195122,5385.774390243902,Ki67+ tumor cells 
1010377,29754.24382716049,5255.123456790124,tumor cells
1011315,30384.28205128205,5092.119658119658,tumor cells
1012000,30358.17615176152,5062.333333333333,Unknown
1012191,29693.438775510203,4877.222448979592,tumor cells
1012926,29492.24014336917,5404.73835125448,Ki67+ tumor cells 
1014380,30218.114285714284,5802.828571428571,dendritic cells
1014774,29965.08026755853,6081.414715719064,tumor cells
1015469,30634.251366120217,5739.546448087432,tumor cells
1016039,29744.15044247788,5412.2522123893805,tumor cells
1017276,30425.49685534591,5571.786163522012,tumor cells
1017482,30242.14876033058,5661.190082644628,tumor cells
1018529,30066.87373737374,4716.020202020202,effector CD8+ T cells
1019556,30009.77643504532,5276.105740181269,tumor cells
1020277,30425.13777777777,5148.875555555555,Ki67+ tumor cells 
1022004,30418.446428571428,5655.991071428572,tumor cells
1022110,29923.121527777777,6138.59375,tumor cells
1022677,29621.88014981273,4679.865168539326,tumor cells
1025039,30148.303501945524,4715.451361867705,tumor cells
1025101,30347.50980392157,5325.828431372549,tumor cells
1025181,30086.29433962264,4771.28679245283,tumor cells
1025879,29527.97854077253,5332.01287553648,tumor cells
1027093,30187.37837837838,5012.556756756757,tumor cells
1027167,30153.60989010989,5898.082417582417,tumor cells
1027229,30261.85436893204,5126.446601941748,tumor cells
1027990,29982.739130434784,4629.847826086957,tumor cells
1028619,30167.83486238532,5086.339449541284,tumor cells
1028846,29833.64429530201,5199.597315436242,tumor cells
1029029,29566.243373493977,5468.455421686747,memory CD8+ T cells
1029548,29945.16304347826,5355.010869565217,tumor cells
1031495,29804.639004149376,5785.95020746888,Ki67+ tumor cells 
1031834,29715.663316582915,5419.246231155779,tumor cells
1035226,30406.93396226415,5554.188679245283,tumor cells
1038364,29999.52147239264,5641.064417177914,tumor cells
1040061,30295.480263157893,5759.513157894737,tumor cells
1040671,29722.634615384617,5669.692307692308,tumor cells
1040860,29851.56615384616,5889.956923076923,Ki67+ tumor cells 
1042658,30477.32,5890.013333333333,tumor cells
