CellID,X_centroid,Y_centroid,phenotype
87,14793.98923,8843.229803,CD8 T cells
186,15204.70638,8889.964765,non-immune cells
208,14862.13941,9015.434316,CD4 T cells
274,15083.8345,8601.980365,CD8 T cells
387,15560.44458,9170.899244,non-immune cells
486,15595.19883,9016.71345,tumor cells
488,15690.86102,9264.2,tumor cells
516,15168.066,8675.875179,tumor cells
625,15024.58969,8566.179381,non-immune cells
722,14149.78446,7810.022556,M1 type macrophage
748,15337.5542,9327.375573,dendritic cells
843,13630.17358,8225.665803,tumor cells
938,15232.86508,8752.055556,non-immune cells
1110,15642.78642,8755.22351,non-immune cells
1126,14790.50227,8477.359091,non-immune cells
1194,15152.12629,8848.628866,CD4 T cells
1197,14845.40888,8416.742991,likely-NKT cells
1220,15625.47122,9166.888489,non-immune cells
1243,15645.68694,9339.68873,tumor cells
1341,14471.69177,8154.711033,M1 type macrophage
1367,15655.33592,9177.827184,tumor cells
1419,15420.98521,9109.593346,CD4 T cells
1443,14061.37533,8173.580052,CD4 T cells
1472,15243.00722,8780.629964,tumor cells
1488,15140.15222,9195.880562,non-immune cells
1534,15577.19222,9277.636156,tumor cells
1630,15276.46787,9273.537275,CD8 T cells
1659,15351.34296,8765.732852,tumor cells
1692,14923.63121,9055.815603,non-immune cells
1734,15452.14552,9329.496269,CD8 T cells
2030,14093.44024,8041.478088,tumor cells
2080,14062.13846,8192.225641,tumor cells
2200,14193.41542,8458.490364,tumor cells
2332,14851.59531,8569.963791,NKT cells
2454,15502.46039,8727.82227,likely-NKT cells
2564,13764.19391,8329.382271,tumor cells
2568,14157.688,8562.314667,tumor cells
2616,13814.20052,7940.466146,tumor cells
2686,14083.40187,7971.063084,B cells
2768,15615.57094,9204.62735,tumor cells
2772,15505.13667,9084.724374,M1 type macrophage
2847,14293.13969,8138.478936,non-immune cells
2915,14922.35294,8177.792279,NKT cells
3023,14873.69565,8258.547101,tumor cells
3038,14115.92734,8458.460208,tumor cells
3079,15393.48879,8739.70852,CD8 T cells
3242,14216.55657,7800.531022,tumor cells
3253,14436.62177,7959.922509,M1 type macrophage
3262,15416.73956,9073.960239,M1 type macrophage
3407,14638.91133,8442.128079,tumor cells
3482,15719.53583,9227.104235,tumor cells
3485,13941.32152,7960.425316,B cells
3587,14746.62349,8397.801205,tumor cells
3656,13790.85269,7935.971671,tumor cells
3685,13664.53316,8431.466837,tumor cells
3706,15171.96865,9170.915842,non-immune cells
3743,15003.03269,8517.303846,tumor cells
3744,14062.77817,8000.417254,M1 type macrophage
3752,15751.93046,9070.918874,non-immune cells
3768,15265.10244,9022.417073,tumor cells
3776,14628.13322,8087.743945,tumor cells
3961,14583.01282,8035.566667,tumor cells
4000,14630.08824,8688.486631,CD4 T cells
4023,13786.38105,7913.614737,tumor cells
4052,14139.85773,8582.181443,CD8 T cells
4145,15609.71048,8768.333333,non-immune cells
4172,13894.32394,7707.818913,tumor cells
4226,15204.93585,8683.616981,tumor cells
4270,14337.80873,8137.981289,B cells
4408,15112.30528,9101.62818,M1 type macrophage
4428,14314.42813,8029.746875,tumor cells
4434,13782.23951,7976.534965,tumor cells
4577,15206.15767,9231.017279,M1 type macrophage
4596,14981.76407,8464.534632,NKT cells
4691,14007.66557,8692.193443,M1 type macrophage
4712,15288.39927,8889.443223,tumor cells
4760,15514.96858,8925.378928,tumor cells
4783,15361.71175,8937.452328,tumor cells
4854,15094.49353,8511.157116,likely-NKT cells
4857,15146.68089,8883.367886,dendritic cells
4876,13930.42387,7811.098765,CD8 T cells
4950,15197.5501,9190.948875,NKT cells
4964,15646.16809,9007.102564,non-immune cells
4997,13950.81007,8000.512586,tumor cells
5037,15167.91579,8822.089474,CD4 T cells
5172,14852.95868,8926.923554,CD4 T cells
5186,13681.37156,8227.059633,tumor cells
5237,13751.89691,8263.439863,tumor cells
5308,14389.64828,8075.2,tumor cells
5569,14915.05568,8972.420935,non-immune cells
5623,14605.40684,8222.876426,non-immune cells
5656,15104.31296,8908.232274,tumor cells
5774,15558.41985,8973.146565,tumor cells
5874,15446.6617,8803.289362,tumor cells
5898,13614.45217,8374.026087,tumor cells
5906,14244.71523,7769.403974,NKT cells
5966,14669.96481,8458.307407,NKT cells
6018,15397.79556,9193.36,CD8 T cells
6075,15256.74907,9127.100621,tumor cells
6127,14257.28736,8683.980843,tumor cells
6232,14902.64058,8461.26087,tumor cells
6257,15486.78398,9159.757282,M1 type macrophage
6494,14918.07797,8936.176271,tumor cells
6573,14895.62419,8235.235421,non-immune cells
6593,14031.79946,8176.732167,M1 type macrophage
6727,14174.73034,7855.134831,M1 type macrophage
6870,15474.605,8933.213333,tumor cells
6877,15402.96815,8665.509554,likely-NKT cells
6879,14604.72051,8655.135897,CD4 T cells
6935,15218.57941,8801.382353,likely-NKT cells
6948,14121.81699,8065.115468,tumor cells
7012,15211.42222,8536.562963,likely-NKT cells
7094,15043.37975,8760.998418,non-immune cells
7178,14796.19944,8065.620787,non-immune cells
7195,14710.02952,8514.284133,CD8 T cells
7217,14691.67602,8325.660714,non-immune cells
7269,14172.55035,8132.253472,M1 type macrophage
7333,14280.7797,8219.902808,B cells
7487,15040.02807,8898.108772,dendritic cells
7538,15549.07317,8758.490854,likely-NKT cells
7547,14418.36864,8024.925847,tumor cells
7611,15806.6958,8929.825175,non-immune cells
7704,13658.17128,8399.440806,tumor cells
7729,14631.56386,8745.86988,CD8 T cells
7760,14909.33557,8494.803132,tumor cells
7793,15545.02336,9011.412773,tumor cells
7873,13797.93807,8045.502294,tumor cells
7909,15655.5679,9242.597222,tumor cells
7960,15483.28618,9249.898026,tumor cells
7967,14126.50263,7975.294737,B cells
8017,14177.79653,7944.878412,non-immune cells
8153,14645.66204,8061.388889,tumor cells
8233,14890.75556,9022.68642,dendritic cells
8259,15744.063,9182.192246,NKT cells
8323,14864.07127,8616.339093,CD4 T cells
8339,14017.54622,8136.241597,M1 type macrophage
8391,14269.85462,8481.222004,likely-NKT cells
8432,14224.24791,7864.02507,tumor cells
8443,14936.86402,8209.441423,non-immune cells
8453,13669.1119,8149.459524,tumor cells
8517,14311.04492,7890.960938,B cells
8778,14214.19639,8254.985972,tumor cells
8821,15050.69058,8501.293722,tumor cells
8900,15363.50202,9320.572874,non-immune cells
8991,13911.12376,8376.759901,tumor cells
9006,15281.88172,9296.144086,dendritic cells
9112,14073.00216,8469.787879,NKT cells
9244,14907.64888,8779.996558,non-immune cells
9255,15323.12676,9110.242958,NKT cells
9368,14131.9434,8430.870283,likely-NKT cells
9455,14028.76117,8566.688378,tumor cells
9614,15412.73298,9230.5637,likely-NKT cells
9699,14947.82114,9059.441734,CD4 T cells
9701,14732.03485,8424.260054,CD8 T cells
9756,14972.88983,8493.886441,NKT cells
9757,15562.95439,8805.5,NKT cells
9869,14011.96501,8592.078717,tumor cells
9934,14823.98031,8868.973742,dendritic cells
10012,14868.20702,8905.796491,NKT cells
10071,14301.21203,8612.037249,dendritic cells
10125,14376.47277,8353.997821,non-immune cells
10134,13920.15179,8337.738095,tumor cells
10179,14253.66752,8725.838875,tumor cells
10226,14684.33434,8619.954819,dendritic cells
10417,13788.61845,7998.374065,tumor cells
10437,15088.40892,8569.591078,tumor cells
10589,15359.66454,8565.350318,NKT cells
10601,14564.47525,8138.320132,B cells
10628,14182.10377,8301.720126,M1 type macrophage
10698,14370.58268,8202.901575,tumor cells
10742,14042.27166,7873.812646,tumor cells
10746,15253.22157,8820.265879,NKT cells
10841,13782.23724,8419.058673,tumor cells
10889,14432.82692,8517.320513,tumor cells
10982,14508.67356,8139.266667,tumor cells
11130,15317.59623,8884.388679,non-immune cells
11139,14937.48684,8258.671053,tumor cells
11191,14408.37875,8584.758856,M1 type macrophage
11321,14813.12091,8117.589421,tumor cells
11382,15597.82672,9109.841336,tumor cells
11389,13990.47535,8051.545775,tumor cells
11414,14266.50327,8349.552288,M1 type macrophage
11490,15465.54766,8823.357009,tumor cells
11544,14276.8712,8709.39356,tumor cells
11611,15104.13169,8850.497942,M1 type macrophage
11700,13924.86842,8358.695489,tumor cells
11730,14365.45862,7960.010345,non-immune cells
11737,15088.36161,8721.113839,tumor cells
11744,14050.53961,8118.297645,non-immune cells
11761,14155.91026,8683.878205,tumor cells
11831,14471.38821,7986.835366,tumor cells
11893,15554.9403,9044.98081,B cells
11952,14935.48333,8546.12037,tumor cells
12014,15045.70101,8598.660804,non-immune cells
12150,14809.14458,8575.431325,tumor cells
12180,14989.00617,8858.152263,tumor cells
12246,14553.19156,8292.324675,tumor cells
12269,14217.69014,8197.957746,B cells
12270,14839.18653,8451.777202,CD8 T cells
12338,15131.90694,8724.209814,dendritic cells
12362,14060.28795,8249.661972,M1 type macrophage
12487,14676.04545,8208.608696,non-immune cells
12495,15382.08031,8841.422562,tumor cells
12519,13952.21277,7927.340426,M1 type macrophage
12603,14467.18655,8321.156182,likely-NKT cells
12611,14129.09786,8531.66055,tumor cells
12637,14898.68609,8279.900376,tumor cells
12649,14364.49528,8674.957547,tumor cells
12720,15600.88275,9166.544389,tumor cells
12733,15199.41935,8983.105991,non-immune cells
12739,14111.63399,8537.039216,tumor cells
12777,15526.02083,9132.405093,tumor cells
12817,14588.8202,8421.925253,tumor cells
12832,14926.60302,8865.844221,CD4 T cells
12871,13651.5823,8195.806584,tumor cells
12925,15153.5283,9141.095791,tumor cells
13065,14547.43194,8349.5,tumor cells
13217,15453.6898,8917.4,tumor cells
13242,14295.99762,8330.552381,M1 type macrophage
13283,13947.66768,8332.158537,tumor cells
13371,15477.16808,9287.319198,tumor cells
13451,14150.94286,8020.516883,B cells
13543,14604.35294,8065.045455,tumor cells
13724,14786.75524,8687.463869,tumor cells
13830,13893,7871.119512,M1 type macrophage
13846,13760.21583,8301.707434,tumor cells
13909,14879.84348,8537.33913,NKT cells
13921,15065.80297,8872.139831,dendritic cells
13958,15234.18265,9211.538813,dendritic cells
14017,13679.03631,8170.287709,tumor cells
14079,14303.08547,8091.207265,B cells
14260,14487.71283,8461.501018,tumor cells
14310,14152.6161,7838.835913,M1 type macrophage
14327,15010.25301,8928.363855,tumor cells
14392,13914.70071,7841.56057,non-immune cells
14415,14797.32921,8875.269802,dendritic cells
14746,14883.8642,8498.696649,NKT cells
14859,14155.63729,8116.084746,M1 type macrophage
14960,14665.88506,8259.693487,non-immune cells
14962,15201.4575,9143.2725,tumor cells
14971,15023.96358,8647.748344,tumor cells
15020,14016.11096,7795.742404,tumor cells
15042,15034.28108,8684.34955,tumor cells
15237,15209.08969,8826.719731,likely-NKT cells
15322,14257.38889,8508.566667,tumor cells
15336,14878.15574,8780.051913,tumor cells
15349,15617.74303,8814.747012,non-immune cells
15354,14984.97209,8600.339535,NKT cells
15463,13877.76887,7998.051887,tumor cells
15541,14440.52973,8132.859459,tumor cells
15561,14655.96203,8029.605485,NKT cells
15597,15417.79714,9010.646778,tumor cells
15751,14928.00845,9036.940845,NKT cells
15793,14709.75926,8484.731481,CD4 T cells
15804,14938.70577,8914.129225,tumor cells
15820,14687.57118,8766.696181,non-immune cells
15850,15111.36243,9217.94709,CD4 T cells
15879,14628.2774,8044.279642,tumor cells
15908,14112.16491,8436.501754,M1 type macrophage
15955,13936.28521,7730.147887,tumor cells
16167,14845.26202,8159.180288,tumor cells
16173,14309.48253,8528.661572,non-immune cells
16176,14785.53719,8372.741736,CD8 T cells
16272,13921.66779,8074.184564,M1 type macrophage
16330,15027.7,8499.073333,tumor cells
16379,14051.07931,7966.617241,tumor cells
16407,14962.97154,8563.270325,non-immune cells
16466,15422.23,8683.973333,NKT cells
16501,13790.14219,7956.335664,tumor cells
16518,14495.34225,8111.828877,tumor cells
16556,15131.97768,8696.821429,tumor cells
16650,14944.1703,8766.845545,dendritic cells
16741,14089.32857,7872.591429,M1 type macrophage
16743,14051.43038,8027.229958,tumor cells
16767,14891.76633,8758.592965,tumor cells
16838,14129.42857,8469.853896,tumor cells
16934,15052.84022,8820.258528,tumor cells
16973,14331.71268,8714.894061,non-immune cells
17068,15643.16725,9091.044135,tumor cells
17087,14906.10579,8691.449102,tumor cells
17113,14839.37421,8950.566038,CD4 T cells
17118,14203.79419,8180.970944,CD8 T cells
17121,13635.60916,8172.514825,tumor cells
17162,14700.5044,8088.912023,tumor cells
17219,13764.04089,8013.498141,tumor cells
17505,14787.61696,8096.055556,tumor cells
17537,14848.53696,8086.050584,non-immune cells
17606,14002.62898,8321.607774,tumor cells
17659,14664.44174,8178.648696,tumor cells
17686,14148.7071,7977.210059,tumor cells
17784,14257.89928,8587.446043,CD4 T cells
17786,15104.19824,8816.585903,dendritic cells
17798,13999.51047,8411.819372,M1 type macrophage
18104,14956.64017,8525.916318,tumor cells
18148,13546.59908,7983.354839,M1 type macrophage
18180,15531.92611,9193.20197,non-immune cells
18231,14128.76512,8003.37907,tumor cells
18241,15448.14894,9083.057751,M1 type macrophage
18243,13542.4733,8335.589806,tumor cells
18314,13809.16783,7901.575758,tumor cells
18465,15197.70395,8852.469298,CD8 T cells
18528,14462.0585,8121.061281,tumor cells
18536,14241.19385,8438.169231,CD8 T cells
18545,15085.66263,8663.032323,non-immune cells
18665,14372.17529,8434.829023,CD8 T cells
18705,14320.13647,8675.501176,tumor cells
18708,14960.10765,8963.988669,NKT cells
18911,15048.96835,8542.694093,NKT cells
18946,13912.06173,8629.82716,CD8 T cells
18993,14515.65669,8354.128521,tumor cells
19130,13704.52688,8315.358423,tumor cells
19176,14986.24958,8991.205433,non-immune cells
19197,14923.59195,8472.066092,tumor cells
19226,14014.82105,8722.926316,dendritic cells
19243,14032.14154,8382.670769,M1 type macrophage
19261,14253.18969,8230.208247,non-immune cells
19326,14579.00485,8233.490291,non-immune cells
19468,14917.30205,9020.196481,NKT cells
19587,15226.48936,9065.87234,non-immune cells
19614,14308.59712,8427.330935,likely-NKT cells
19640,13973.3881,8650.512748,tumor cells
19649,14141.68947,7900.013158,tumor cells
19652,14174.34483,8658.163793,tumor cells
19772,15109.18767,8738.270777,M1 type macrophage
19989,13975.5,8699.315789,CD8 T cells
20076,15206.85675,9012.487603,dendritic cells
20249,14011.93782,8283.852332,tumor cells
20510,13935.34375,8378.371875,M1 type macrophage
20544,15486.48,8841.62,tumor cells
20561,14502.18792,8408.288591,CD4 T cells
20607,14833.89048,8113.254762,tumor cells
20635,13485.87861,8165.543353,CD4 T cells
20718,15415.02083,9151.185185,tumor cells
20863,14291.88535,7808.359873,tumor cells
20896,15313.68441,9276.214829,CD8 T cells
21074,15007.67885,8284.238462,non-immune cells
21114,15117.66118,8826.595395,CD4 T cells
21168,15162.8554,9090.149163,dendritic cells
21195,14445.6,8280.814706,likely-NKT cells
21241,15008.87562,8678.61194,non-immune cells
21521,14126.48408,8601.713376,tumor cells
21768,14194.47909,8502.387833,tumor cells
21806,15124.61042,8972.622829,non-immune cells
21846,15679.31864,8878.789831,non-immune cells
21968,14489.08725,8059.418345,tumor cells
22003,15229.43654,9245.130769,CD8 T cells
22086,14082.71125,8657.951368,tumor cells
22139,14177.99655,8750.089655,tumor cells
22236,13581.44108,8201.717172,M1 type macrophage
22304,13953.27049,8227.70765,tumor cells
22366,15058.72889,9132.911111,dendritic cells
22414,15506.45794,9304.553738,tumor cells
22887,14832.06391,8176.909774,tumor cells
22996,14512.83539,8196.320988,tumor cells
23079,14958.12534,8723.580381,tumor cells
23201,14439.68317,8165.663366,CD8 T cells
23262,15702.83105,9108.96347,tumor cells
23264,14134.76779,8085.659176,tumor cells
23442,13895.96923,8280.302564,M1 type macrophage
23528,14423.41005,8300.808752,tumor cells
23631,14396.58309,8314.520408,tumor cells
23748,14024.38544,8043.93531,tumor cells
23813,14384.00501,8243.323308,tumor cells
23814,15335.1236,8988.120787,tumor cells
23815,13658.69399,8454.538251,CD8 T cells
23939,14194.95862,8738.298851,tumor cells
24075,14270.91966,8170.993658,B cells
24126,15296.07129,9217.671287,likely-NKT cells
24154,13764.30495,8086.230769,tumor cells
24221,13604.31765,8116.815686,tumor cells
24256,14138.68704,7935.887531,M1 type macrophage
24289,14569.33676,8339.982005,M1 type macrophage
24333,15600.6938,8984.593023,likely-NKT cells
24449,15048.51542,8856.198238,non-immune cells
24516,13705.44444,8196.944444,tumor cells
24580,14100.05894,7898.516699,CD8 T cells
24585,14966.93869,8679.067653,tumor cells
24590,14247.16313,8068.753073,non-immune cells
24689,15499.32035,9227.161062,tumor cells
24709,15551.09703,9355.261386,tumor cells
24846,13644.72646,8011.403587,tumor cells
24893,14249.55172,7873.766578,tumor cells
24901,13735.68165,7978.31295,tumor cells
25097,15024.60995,9006.774869,tumor cells
25191,14540.30102,7884.44898,dendritic cells
25192,14708.62069,8074.093103,tumor cells
25236,14458.24464,8497.199571,tumor cells
25369,14052.35223,8735.165992,CD8 T cells
25423,14524.26256,8577.488584,CD8 T cells
25453,14148.27053,8604.309179,tumor cells
25586,14352.37795,8207.007874,tumor cells
25903,13902.75194,8619.100775,CD4 T cells
26044,13713.52835,8522.791237,tumor cells
26302,14791.78809,8718.154116,CD8 T cells
26315,14822.00348,8964.655052,CD4 T cells
26424,14492.85818,8377.050909,CD8 T cells
26505,13577.38031,8243.66443,M1 type macrophage
26651,15736.73298,9155.790576,tumor cells
26756,13773.47845,8265.801724,M1 type macrophage
26788,15597.68026,9137.682403,non-immune cells
26811,15500.30224,8958.350746,tumor cells
26836,15087.1962,8794.316456,M1 type macrophage
26889,14356.58261,8367.991304,tumor cells
27043,14170.42667,8439.778667,likely-NKT cells
27109,15022.39847,8888.636015,non-immune cells
27153,14213.76384,8017.671587,tumor cells
27175,14496.18531,7995.79021,tumor cells
27212,14544.39503,8212.80663,tumor cells
27428,13703.2006,8177.919162,tumor cells
27487,14049.04847,8438.762755,tumor cells
27613,13796.88871,8437.816694,CD8 T cells
27757,14027.51546,8730.845361,M1 type macrophage
27799,15410.98343,8790.016575,tumor cells
27822,15407.66612,8811.882645,tumor cells
27843,15316.77802,9317.523707,non-immune cells
27991,14100.09956,7942.168375,tumor cells
27995,15130.60465,8641.089147,tumor cells
28198,15169.96744,9065.07907,non-immune cells
28315,14055.81197,8697.51567,tumor cells
28441,14693.30159,8146.87037,tumor cells
28481,14762.78125,8023.965909,non-immune cells
28569,14860.6162,8965.855011,likely-NKT cells
28572,15343.38824,9199.109804,dendritic cells
28630,13583.45921,8126.906344,tumor cells
28722,14128.83392,8766.575972,NKT cells
28756,13705.86103,8288.583082,non-immune cells
28838,15122.56944,9180.232639,dendritic cells
28892,14660.84806,8434.127208,tumor cells
28896,15020.46053,8738.347953,NKT cells
28937,13567.05263,7997.507177,M1 type macrophage
28958,14484.20629,8555.396853,non-immune cells
29127,14731.35628,8527.795547,likely-NKT cells
29157,14028.02624,8109.760933,tumor cells
29170,13624.3835,8080.504854,tumor cells
29171,15382.87649,9065.398406,tumor cells
29185,14554.60613,8258.495283,non-immune cells
29335,14215.01087,8429.48913,tumor cells
29382,14691.59669,8165.364641,non-immune cells
29387,14540.79208,8628.014851,CD4 T cells
29408,13671.76012,8103.934579,tumor cells
29544,13559.32249,8122.688347,tumor cells
29698,14555.07798,8322.940367,non-immune cells
29701,15554.60652,9127.236957,tumor cells
29721,13646.30556,8258.358333,tumor cells
29768,13574.56507,8019.582192,tumor cells
29828,14499.03355,8237.044728,non-immune cells
29886,15324.38117,8772.857997,tumor cells
29930,14534.2795,8431.356108,tumor cells
29953,14740.80601,8658.60929,likely-NKT cells
30006,14846.01377,8896.30854,likely-NKT cells
30059,14601.63914,8495.64526,tumor cells
30110,14189.97274,8226.149211,likely-NKT cells
30123,14280.12998,8086.291405,tumor cells
30167,14524.27731,8265.306723,non-immune cells
30384,14793.46199,8308.769006,CD8 T cells
30514,14326.2625,8538.63125,non-immune cells
30595,13722.98023,8384.189266,M1 type macrophage
30676,13991.43721,8289.95814,tumor cells
30694,14646.94253,8715.843678,M1 type macrophage
30718,14205.90389,8376.462243,CD8 T cells
30727,13891.03762,7975.598746,tumor cells
30732,14224.28696,8474.081159,tumor cells
30972,15064.02439,8933.341463,tumor cells
31154,14404.67281,8707.958525,CD4 T cells
31260,14135.07273,8392.240909,M1 type macrophage
31369,15545.2341,8839.022901,CD4 T cells
31515,15337.94444,8916.824561,tumor cells
31596,14464.72923,8264.166154,likely-NKT cells
31614,15260.05738,8727.723361,tumor cells
31669,14373.00749,8383.715356,likely-NKT cells
31719,14883.69136,9068.028807,dendritic cells
31763,13853.75463,8672.217593,CD4 T cells
31764,14025.92527,8416.523132,M1 type macrophage
31830,14150.57549,8192.840142,tumor cells
31998,14526.15217,8314.485507,likely-NKT cells
32251,13887.62332,8336.766816,dendritic cells
32289,14839.34407,8672.885925,tumor cells
32300,14589.78173,8289.796954,M1 type macrophage
32330,13563.28627,8027.788235,tumor cells
32480,14009.13081,7974.514535,tumor cells
32525,13925.31378,8247.020528,M1 type macrophage
32571,14684.2541,8358.588115,likely-NKT cells
32676,14572.59943,8274.613636,non-immune cells
32682,14103.9494,8370.53494,M1 type macrophage
32739,15425.91031,9336.770992,dendritic cells
32766,14963.58532,8909.926621,tumor cells
32947,14895.41379,8393.283699,likely-NKT cells
32994,13830.6086,8138.419355,M1 type macrophage
33004,15067.828,8654.572,non-immune cells
33035,15006.79006,9121.640884,CD4 T cells
33198,15275.91892,8691.853604,tumor cells
33249,14691.59873,8198.057325,tumor cells
33254,14280.54159,8300.156673,CD4 T cells
33325,15028.99147,8829.763326,tumor cells
33326,14405.14854,8138.34728,tumor cells
33346,13911.58768,8586.56872,M1 type macrophage
33387,13868.97638,7743.425197,tumor cells
33393,15488.3787,9136.343195,likely-NKT cells
33420,15439.68202,9286.469298,CD8 T cells
33467,13804.46948,8363.694836,tumor cells
33540,13891.54095,7669.784762,tumor cells
33545,13966.95509,8173.763473,tumor cells
33566,14298.04783,8572.604348,tumor cells
33582,14418.95732,8549.643293,non-immune cells
33602,14457.88235,8302.433437,tumor cells
33666,15566.70788,8910.394127,B cells
33752,13966.22829,7729.64268,tumor cells
33779,14284.71605,8786.074074,CD4 T cells
33819,14088.85685,8244.899194,tumor cells
33908,14897.86925,8918.530266,CD4 T cells
33925,14341.1098,8424.254902,M1 type macrophage
33986,14112.09863,8165.80274,CD4 T cells
34200,13616.93634,8418.254642,M1 type macrophage
34211,14585.74936,8453.792839,likely-NKT cells
34332,13867.29645,8552.891441,CD4 T cells
34347,14143.54054,8344.045045,CD4 T cells
34539,15624.86017,9367.690678,tumor cells
34751,14742.55238,8453.5,dendritic cells
34901,14120.10045,8213.292411,M1 type macrophage
34906,14698.71514,8024.673307,likely-NKT cells
35005,14741.52183,8039.194323,likely-NKT cells
35103,14145.63542,8155.764583,tumor cells
35112,14268.77477,8742.765766,non-immune cells
35129,14934.63467,9004.52322,NKT cells
35201,14769.11675,8440.228426,non-immune cells
35202,14099.78664,8556.614224,tumor cells
35216,14844.18725,8493.258964,CD8 T cells
35222,13523.61017,8121.516949,M1 type macrophage
35299,15168.03186,8892.958333,tumor cells
35318,14873.96183,8141.615776,tumor cells
35371,15076.53503,8888.541401,immune cells
35377,13952.63855,8588.369478,tumor cells
35464,14697.23207,8554.014768,M1 type macrophage
35549,13989.30411,7994.852055,CD8 T cells
35559,14546.55252,8075.468487,tumor cells
35598,14224.06915,8378.172872,M1 type macrophage
35734,14637.59695,8479.542484,tumor cells
36075,14184.24691,8564.135802,tumor cells
36202,14731.51625,8443.454874,M1 type macrophage
36262,14189.12322,8677.85782,likely-NKT cells
36339,15055.45872,8448.876147,dendritic cells
36376,15181.03832,8724.94708,dendritic cells
36424,15144.29771,8828.385496,CD4 T cells
36499,15588.56706,9359.33107,tumor cells
36543,15143.00578,8613.734104,tumor cells
36595,15390.54049,8879.20904,tumor cells
36600,13692.70231,8389.086705,tumor cells
36721,14063.95522,8221.746269,tumor cells
36793,15452.75694,8983.611111,tumor cells
36906,15433.00685,9188.452055,NKT cells
36908,13923.92,8153.901333,M1 type macrophage
37022,13917.55516,8002.911032,tumor cells
37051,13723.89975,8077.974937,tumor cells
37078,14883.13712,8996.411371,non-immune cells
37117,14282.6176,8668.426396,tumor cells
37147,15539.78624,9155.390663,non-immune cells
37298,14796.26166,8267.992228,CD8 T cells
37335,13755.75299,8118.390438,tumor cells
37411,13767.39873,7929.556962,tumor cells
37524,14159.06275,8256.463563,M1 type macrophage
37643,13654.65996,8120.568233,tumor cells
37753,14264.61364,8368.813636,M1 type macrophage
37930,14812.78043,8760.217391,CD8 T cells
37953,13788.18433,8326.258065,CD4 T cells
37955,13969.52593,7777.290741,tumor cells
38014,14243.77358,8767.424528,CD8 T cells
38097,14720.80226,8368.011299,non-immune cells
38351,13564.65926,8288.296296,tumor cells
38353,13896.12188,8010.639889,tumor cells
38366,14293.46215,8052.378486,tumor cells
38501,14564.67213,8209.979508,non-immune cells
38593,14821.59912,8402.22467,CD4 T cells
38794,13647.22253,8095.741758,tumor cells
38805,14921.05882,8652.948235,tumor cells
38830,14763.74468,8825.238298,CD4 T cells
38874,14690.3045,8529.553633,tumor cells
38884,14163.19592,8782.012245,non-immune cells
38944,14060.54905,8377.151899,M1 type macrophage
38997,15040.37209,8626.302326,tumor cells
39089,15123.24742,8805.532646,NKT cells
39154,13538.26471,8025.019608,tumor cells
39232,14042.36571,8417.617143,M1 type macrophage
39425,15287.18882,8815.283237,likely-NKT cells
39457,13953.83146,8515.775281,tumor cells
39503,13754.04027,8373.52349,tumor cells
39586,14832.91946,8980.137584,non-immune cells
39726,14105.62658,8410.132911,CD4 T cells
39777,14014.27119,8376.338983,M1 type macrophage
39788,14377.94611,8407.347305,M1 type macrophage
39867,14044.54671,8067.891271,B cells
39877,14225.35417,8453.503472,M1 type macrophage
40116,14099.82624,8754.744681,non-immune cells
40144,14398.5569,8275.842615,likely-NKT cells
40266,15428.54583,9303.4125,CD4 T cells
40281,13990.92032,7962.418327,tumor cells
40292,15460.21242,8707.800654,likely-NKT cells
40297,13934.44215,8629.008264,CD8 T cells
40336,13531.25856,8220.281369,CD8 T cells
40347,14129.90026,8624.468031,tumor cells
40353,14150.97857,8446.082143,tumor cells
40415,14883.92025,8704.766871,tumor cells
40467,14544.98844,8136.069364,non-immune cells
40657,13636.26837,8058.447284,M1 type macrophage
40671,15329.82012,8727.760155,tumor cells
40672,13779.93851,8051.453074,tumor cells
40680,13923.05538,7673.28,CD4 T cells
40725,15071.67867,8790.105263,M1 type macrophage
40783,13977.32773,8375.478992,tumor cells
40884,14439.04683,8363.783747,tumor cells
40911,15241.39068,8890.802867,dendritic cells
41053,14313.677,8318.581395,M1 type macrophage
41066,15095.20066,8433.348684,dendritic cells
41071,14313.92075,8247.984906,non-immune cells
41074,13936.53511,8608.924939,M1 type macrophage
41103,14199.72901,8442.087786,tumor cells
41108,14734.8125,8353.932065,CD8 T cells
41114,13958.80882,8471.321429,M1 type macrophage
41150,14147.36813,8748.43956,non-immune cells
41279,15356.32419,9176.385484,CD8 T cells
41327,14270.67864,8643.534972,CD8 T cells
41435,14891.72211,8583.68357,NKT cells
41453,13999.195,8500.8975,tumor cells
41567,13960.26316,8630.129555,tumor cells
41627,13592.00771,8370.876607,M1 type macrophage
41659,14519.58824,8475.196078,CD8 T cells
41786,13941.12741,8483.926641,tumor cells
41823,14306.42444,8488.864952,tumor cells
41854,14067.8607,8441.696517,tumor cells
41855,14907.08835,9006.281124,non-immune cells
41973,15018.24686,8480.322176,tumor cells
41983,14288.9899,8534.278788,tumor cells
42069,15037.86073,9102.481735,CD4 T cells
42170,15288.75758,9250.49697,non-immune cells
42267,14815.60537,8637.369835,tumor cells
42282,14230.63341,8260.835141,B cells
42328,13681.06211,8188.36646,tumor cells
42345,14172.67302,8511.32381,tumor cells
42372,14277.54026,8508.994805,likely-NKT cells
42460,13568.46631,7965.622642,tumor cells
42491,15226.15714,9026.67619,CD8 T cells
42506,14177.06604,8546.301887,tumor cells
42512,14319.40762,8379.475073,M1 type macrophage
42524,13913.91233,8030.383562,tumor cells
42537,14880.90741,8423.388889,tumor cells
42567,14371.17665,8644.889222,tumor cells
42577,13558.80851,8312.595745,tumor cells
42678,15475.75664,8991.111888,tumor cells
42684,13878.32511,8058.901345,likely-NKT cells
42821,14834.38154,8813.289231,tumor cells
42940,14379.9058,8547.496377,tumor cells
43041,14501.50373,7895.343284,tumor cells
43056,14423.78327,8234.638783,M1 type macrophage
43455,14932.69351,8950.246753,tumor cells
43581,13581.87526,8050.609148,tumor cells
43718,14149.11921,8636.821192,tumor cells
43719,15374.55777,9296.653386,CD8 T cells
43850,13950.05333,8039.683333,tumor cells
43851,13827.65831,8199.494305,tumor cells
43896,14898.03704,8983.720798,non-immune cells
43972,14971.78476,8763.900952,tumor cells
44030,14120.56235,8683.651765,tumor cells
44234,15235.12826,9273.597826,non-immune cells
44243,14261.39896,8415.61399,M1 type macrophage
44347,14626.75305,8142.356707,tumor cells
44356,14188.32155,8283.144876,CD4 T cells
44396,14326.62172,8501.041199,CD8 T cells
44406,14217.83692,8788.344615,CD8 T cells
44581,15021.38134,8534.736498,tumor cells
44585,13782.83631,8376.559524,tumor cells
44711,13929.98876,8058.477528,tumor cells
44797,15514.08393,9012.047962,tumor cells
44904,14243.95752,8579.078431,dendritic cells
44906,14197.62824,8358.103746,M1 type macrophage
44929,13653.83803,8477.915493,dendritic cells
45059,14137.89701,8299.096346,M1 type macrophage
45141,14008.96296,8031.108262,tumor cells
45178,14169.94805,8486.633117,tumor cells
45309,14840.73869,8707.311558,tumor cells
45323,13780.53585,7893.184906,tumor cells
45329,13989.22826,8706.88587,dendritic cells
45490,13740.1382,7925.299424,tumor cells
45525,13665.38693,8313.045226,tumor cells
45529,14020.58466,8704.56869,M1 type macrophage
45568,13823.75427,8171.66453,non-immune cells
45600,15007.91687,8900.594132,non-immune cells
45641,14138.8589,8122.684049,non-immune cells
45658,15194.94477,8918.415698,M1 type macrophage
45730,15100.17197,8770.535032,CD4 T cells
45773,13967.72316,7837.686441,M1 type macrophage
45956,14124.40412,8663.670103,tumor cells
46021,14347.1699,8775.910194,CD4 T cells
46100,14063.65625,8337.482143,tumor cells
46380,15616.18066,9093.26972,tumor cells
46512,13623.71638,8153.220049,tumor cells
46655,14744.53394,8847.20362,M1 type macrophage
46658,15619.72385,8691.970711,non-immune cells
46694,14866.45087,8723.67052,tumor cells
46748,15015.96067,8808.719101,tumor cells
46750,13999.4382,8659.811798,tumor cells
46968,14237.59657,8162.472103,tumor cells
46988,13871.676,8288.636,tumor cells
47071,13992.89286,8605.428571,M1 type macrophage
47072,15377.66292,8723.255618,non-immune cells
47102,14172.98736,7973.046931,tumor cells
47287,15549.60972,9228.783699,tumor cells
47383,14991.13426,8744.946759,M1 type macrophage
47489,15674.82443,8916.145038,non-immune cells
47494,14621.37916,8352.634146,NKT cells
47822,14691.85397,8595.28254,likely-NKT cells
47970,13968.85131,8560.58309,tumor cells
47981,14608.39031,8299.022959,M1 type macrophage
47984,14735.09877,8491.503086,non-immune cells
48016,14177.31767,8063.01566,tumor cells
48029,14241.41468,8660.607143,tumor cells
48093,14358.6,8286.573913,tumor cells
48124,14267.6422,7866.390826,likely-NKT cells
48134,15024.8202,8865.300493,tumor cells
48137,13715.38053,8406.163717,tumor cells
48273,14965.69632,8635.153374,tumor cells
48333,13741.69369,8093.138138,non-immune cells
48458,14101.81507,8283.455479,tumor cells
48496,14611.14,8750.795,CD8 T cells
48531,14109.17869,8027.56701,tumor cells
48551,14941.14765,8635.042506,tumor cells
48659,14507.15613,8437.241636,non-immune cells
48693,13631.65568,8307.886447,M1 type macrophage
48743,14177.69153,8402.20339,M1 type macrophage
48784,14115.73265,8489.827763,tumor cells
48875,14215.02158,8721.244604,tumor cells
48880,13974.3589,8098.70411,tumor cells
48931,15169.50489,8981.228013,CD4 T cells
49147,13724.39416,8186.605839,tumor cells
49152,13588.42265,8292.389503,tumor cells
49349,14255.93182,8335.801136,dendritic cells
49459,14238.18885,8357.628483,non-immune cells
49462,14383.35849,8634,tumor cells
49541,13938.7,8532.313333,tumor cells
49558,13713.10765,8364.070822,tumor cells
49720,14203.63768,8703.246377,tumor cells
49886,14277.08203,8327.988281,tumor cells
49975,15151.32464,8781.681159,M2 type macrophage
50027,14986.75983,8901.480349,tumor cells
50100,14869.96567,8843.433476,likely-NKT cells
50105,14146.41176,8783.740196,M1 type macrophage
50250,14234.96454,8824.609929,non-immune cells
50427,14767.65835,8651.55611,tumor cells
50454,15178.70054,9111.76225,non-immune cells
50467,14972.05844,8337.675325,non-immune cells
50559,13816.83183,8336.099099,CD4 T cells
50607,15157.826,9203.436059,dendritic cells
50658,14643.3254,8345.730159,tumor cells
50764,14029.44841,8473.813492,tumor cells
50851,14846.11945,8820.658703,tumor cells
50953,14167.29179,8602.243161,tumor cells
51034,14961.79141,8856.415133,NKT cells
51072,14620.35971,8616.061151,CD4 T cells
51094,13715.69054,8001.355499,tumor cells
51105,14113.88235,8755.33564,likely-NKT cells
51133,13999.42017,8524.582633,tumor cells
51137,14800.73171,8810.039634,dendritic cells
51164,14076.504,8727.352,dendritic cells
51200,15182.9955,8866.405405,CD4 T cells
51270,13551.07383,8035.412752,M1 type macrophage
51532,15009.4916,8971.714286,dendritic cells
51734,14924.75,8601.5,tumor cells
51753,14017.77778,8533.356481,tumor cells
51765,15293.25676,8536.603604,non-immune cells
51781,14064.04511,8623.793233,tumor cells
51901,14036.6759,8291.872576,tumor cells
51938,13719.55769,8336.110577,tumor cells
52129,14259.70629,8609.458042,CD8 T cells
52135,14947.75622,8457.166667,non-immune cells
52140,13932.27835,8588.020619,M1 type macrophage
52165,13539.31939,8179.692015,tumor cells
52334,13714.89595,8347.144509,tumor cells
52500,14832.48926,8917.687351,non-immune cells
52534,15407.05838,9251.967005,CD8 T cells
52549,13574.34167,8298.75,tumor cells
52618,14335.76596,8387.404255,tumor cells
52736,13668.27888,8041.243028,tumor cells
52745,15177.51163,9227.577818,non-immune cells
52818,14776.75431,8339.12931,dendritic cells
52845,14688.29617,8681.703833,tumor cells
53015,13672.01835,8064.636086,M1 type macrophage
53095,14100.91004,8601.334728,tumor cells
53187,14338.21671,8201.89295,non-immune cells
53362,13968.24643,8495.860714,tumor cells
53380,15068.04187,8731.504926,tumor cells
53383,13517.67078,8210.127572,non-immune cells
53418,14038.0438,8737.240876,CD8 T cells
53571,13813.96923,8237.512821,tumor cells
53594,14771.12403,8794.170543,CD4 T cells
53646,13825.09738,8665.955056,CD8 T cells
53665,14890.45588,8566.376471,tumor cells
53880,14930.63502,8718.022195,non-immune cells
53892,14877.63462,8812.042735,NKT cells
53946,13969.6886,8388.666667,tumor cells
53993,13910.25352,8228.408451,tumor cells
54008,15264.30607,9184.981308,tumor cells
54205,13909.99468,7691.856383,tumor cells
54266,13704.45392,8084.931741,tumor cells
54428,14349.90562,8478.65618,tumor cells
54514,14161.36893,8738.245955,tumor cells
54550,15425.83789,9040.75,tumor cells
54558,14637.69907,8650.037037,CD8 T cells
54626,15100.88125,9082.810417,M1 type macrophage
54682,13826.12876,8426.311159,tumor cells
54694,14022.31077,8311.061538,tumor cells
54730,13542.72398,8124.239819,M1 type macrophage
54887,14102.41743,7846.642202,tumor cells
54916,13844.548,8430.52,tumor cells
55068,15205.21074,8775.231405,non-immune cells
55073,15419.24254,9175.108209,dendritic cells
55079,14081.01852,8760.707407,CD8 T cells
55196,14699.41397,8266.551122,M1 type macrophage
55230,13863.51639,8193.215847,M1 type macrophage
55279,14080.92778,8713.294444,non-immune cells
55292,14361.8392,8591.552764,tumor cells
55301,14849.49518,8745.678457,tumor cells
55306,14392.78322,8467.255245,CD4 T cells
55318,14057.09375,8546.6875,tumor cells
55428,14675.68357,8739.45979,M1 type macrophage
55502,14944.47568,9036.572973,non-immune cells
55527,13757.35019,8069.595331,tumor cells
55702,14372.47009,8746.92735,CD8 T cells
55774,14224.7192,8749.426934,tumor cells
55802,15021.62178,8779.329513,tumor cells
55932,15236.5342,9127.501629,tumor cells
56238,15224.89164,8943.674923,tumor cells
56319,15253.98789,9256.026634,likely-NKT cells
56568,13995.12676,7879.13615,tumor cells
56569,13954.90066,8139.599338,tumor cells
56594,15009.96474,9033.806045,M1 type macrophage
56602,14952.85573,8989.725296,non-immune cells
56614,13798.24074,8210.740741,tumor cells
56642,13915.47761,8214.462687,M1 type macrophage
56745,14181.42405,8205.708861,tumor cells
56756,14160.67368,8663.710526,tumor cells
56796,13538.55118,8148.055118,M1 type macrophage
56852,14492.75731,8191.616959,tumor cells
56946,14753.17681,8073.146388,non-immune cells
56956,14339.17783,8284.785219,tumor cells
57157,15090.26825,9127.874088,dendritic cells
57177,14922.37255,8990.163399,tumor cells
57192,14439.60071,8434.144385,tumor cells
57226,13641.62391,8428.667391,T cells
57230,14246.02586,8376.862069,non-immune cells
57341,14288.12258,8470.825806,tumor cells
57479,14740.55696,8307.776371,M1 type macrophage
57834,15079.20472,8694.15748,tumor cells
57905,14662.30702,8642.263158,tumor cells
58021,14033.34793,8522.131336,non-immune cells
58119,14763.96812,8593.602899,tumor cells
58221,14001.13285,8624.036232,tumor cells
58256,14793.11032,8338.160142,M1 type macrophage
58275,14905.86598,8557.989691,tumor cells
58301,15343.07947,8714.251656,tumor cells
58359,13845.31985,7946,tumor cells
58416,13847.992,8548.876,B cells
58505,14024.44785,8602.046012,tumor cells
58810,15116.91946,8791.030201,M1 type macrophage
58886,15689.36968,9161.968085,tumor cells
58929,14665.87537,8664.807122,tumor cells
58934,14011.93701,8452.582677,tumor cells
58974,14311.699,8357.06689,B cells
58986,15378.35604,9260.235294,CD8 T cells
59003,14173.33654,8685.051282,tumor cells
59093,14543.3446,8381.159948,tumor cells
59108,14808.00347,8792.704861,dendritic cells
59329,14283.07981,7909.347418,tumor cells
59452,13746.11511,8172.607914,tumor cells
59605,13672.17222,8243.488889,tumor cells
59644,14620.15415,8381.517787,tumor cells
59754,14459.95642,8536.552752,non-immune cells
59764,14670.46429,8309.653061,tumor cells
59783,14047.8553,8623.540052,tumor cells
59877,14595.36782,8133.149425,likely-NKT cells
59965,15267.39379,8900.054893,tumor cells
60002,13605.26852,8280.561728,tumor cells
60007,14105.85714,8720.507143,tumor cells
60023,13805.14922,8011.391982,M1 type macrophage
60295,15069.75109,9006.427948,dendritic cells
60337,13598.74619,8405.908629,M1 type macrophage
60340,14562.64444,8467.3,tumor cells
60342,14042.69159,8671.439252,tumor cells
60484,13544.95062,8057.074074,M1 type macrophage
60485,14229.25188,8633.718045,CD8 T cells
60591,13705.92365,8109.347291,tumor cells
60607,15292.77556,9178.246667,CD8 T cells
60876,14238.27299,8739.735632,tumor cells
60929,14548.0428,8427.019455,tumor cells
61049,13935.70498,8189.670498,CD4 T cells
61170,14969.1782,8239.870021,NKT cells
61197,14219.73899,8534.720126,tumor cells
61263,14654.27815,8491.417219,tumor cells
61470,14649.82813,8666.6125,tumor cells
61541,14736.80496,8081.340426,tumor cells
61546,13682.92236,8284.68323,tumor cells
61617,14616.18127,8722.867069,non-immune cells
61622,15054.61596,9117.159601,CD4 T cells
61635,13627.92652,8101.833866,tumor cells
61750,13978.74659,8518.773842,tumor cells
61812,15404.76493,9271.970149,CD8 T cells
61893,15210.47739,8750.253769,tumor cells
61934,14352.64329,8715.02439,tumor cells
61949,14366.84082,8234.906122,dendritic cells
61954,14802.26763,8614.553345,tumor cells
62052,14975.80576,9032.244604,CD4 T cells
62054,14308.73913,8637.495652,tumor cells
62288,14117.74556,8333.325444,tumor cells
62384,14816.16279,8276.660465,dendritic cells
62456,14168.19677,8763.09973,tumor cells
62795,14248.86454,8401.424658,M1 type macrophage
62855,14274.97624,8549.055446,tumor cells
62887,13577.59155,8089.754304,tumor cells
62975,15435.08772,8770.833333,non-immune cells
63143,13880.87003,8512.180371,CD4 T cells
63150,15179.94212,9041.009646,CD4 T cells
63156,14171.075,8535.075,tumor cells
63179,14755.55655,8169.619048,CD8 T cells
63410,14723.22881,8580.936441,tumor cells
63438,14319.42857,8476.462585,CD8 T cells
63448,13603.2618,8186.274678,tumor cells
63517,14326.31373,8441.666667,tumor cells
63667,14983.83117,9015.87013,tumor cells
63832,13902.52137,8175.307692,B cells
63874,14207.74717,8751.067925,tumor cells
63932,14844.02101,8305.109244,CD4 T cells
64120,14119.57328,8700.478448,tumor cells
64194,13889.02482,7917.230496,tumor cells
64349,13515.62185,8077.310924,non-immune cells
64510,14043.50476,8765.971429,CD4 T cells
64528,13524.30189,8182.943396,M1 type macrophage
64565,14170.30721,8803.043887,non-immune cells
64708,14962.76438,8813.789041,dendritic cells
64776,14072.44934,8610.317181,tumor cells
64800,14079.33819,8419.428571,M1 type macrophage
64827,14581.80242,8574.375,CD4 T cells
64841,14927.29286,8406.085714,CD4 T cells
64934,14282.06349,7952.428571,tumor cells
64973,14652.57937,8780.124339,CD8 T cells
64981,14085.92754,8359.173913,tumor cells
65022,14387.56778,8489.675835,tumor cells
65211,13915.4798,8603.989899,M1 type macrophage
65302,14112.41351,8570.121622,tumor cells
65310,14841.53363,8772.430493,tumor cells
65315,13991.36034,8203.5629,M1 type macrophage
65336,13942.51311,8090.902622,tumor cells
65459,13646.47738,7956.764706,non-immune cells
65461,13929.77032,8565.081272,M1 type macrophage
65466,15375.70149,8809.651741,tumor cells
65540,14022.6551,8659.056399,tumor cells
65558,14155.69118,8391.372549,CD4 T cells
65723,13990.33526,8545.710983,tumor cells
65760,14325.51582,8298.006329,tumor cells
65761,14103.11475,8645.721311,tumor cells
65827,13790.58333,8186.172619,tumor cells
65844,13897.62946,8305.071429,tumor cells
65899,14170.61392,8349.664557,CD4 T cells
65910,14126.76667,8378.304167,CD4 T cells
65914,14567.92694,8507.447489,CD4 T cells
66013,15282.78105,9097.320261,dendritic cells
66155,14948.75,9018.278846,tumor cells
66306,14171.57292,8716.375,tumor cells
66506,14761.53132,8692.948164,tumor cells
66654,14885.53371,8100.724719,NKT cells
66669,13611.88945,8315.105528,tumor cells
66681,15082.72996,8486.523207,immune cells
66742,14516.23134,7866.380597,tumor cells
66800,13981.54028,8622.469194,tumor cells
66867,15080.33624,8629.399563,CD8 T cells
67239,14713.11549,8682.501312,tumor cells
67262,14791.71336,8158.293103,non-immune cells
67337,13784.4456,8024.927461,tumor cells
67442,15015.91243,8948.612994,CD8 T cells
67448,13552.40909,8069.577273,M1 type macrophage
67552,13623.07634,8293.862595,CD4 T cells
67700,14046.38365,8207.496855,tumor cells
67707,14909.64322,8356.080402,non-immune cells
67994,14043.34034,8710.634454,tumor cells
68018,14204.97345,8666.252212,tumor cells
68058,14087.12903,8620.497696,tumor cells
68072,13976.66667,8574.721212,tumor cells
68198,14505.17138,8502.565371,tumor cells
68297,13781.29851,8165.529851,tumor cells
68340,14335.47581,8592.677419,M1 type macrophage
68348,14805.30859,8684.1875,tumor cells
68354,14403.65598,8447.65812,non-immune cells
68382,14393.48276,8530.693103,tumor cells
68425,13992.65753,8477.073059,tumor cells
68471,14849.51515,8870.121212,tumor cells
68476,14974.68504,9058.326772,CD4 T cells
68630,15129.79643,9123.985714,tumor cells
68677,14084.5694,8446.160142,tumor cells
68895,14235.0625,8315.8125,NKT cells
69026,13721.28369,8119.496454,tumor cells
69036,13508.02963,8275.466667,CD4 T cells
69097,15495.57175,8997.075171,tumor cells
69183,13971.75397,8050.06746,tumor cells
69373,14587.53333,8591.782051,CD8 T cells
69468,13988.12261,8100.195402,tumor cells
69668,14317.18135,8595.243523,tumor cells
69669,13899.1493,8043.112676,non-immune cells
69994,14430.16463,8263.530488,CD8 T cells
70117,15002.54634,9022.058537,tumor cells
70211,15042.33451,8978.183099,M2 type macrophage
70299,14134.40541,8649.397683,tumor cells
70315,13956.79587,8690.072351,dendritic cells
70418,14035.75291,8632.421512,tumor cells
70475,14301,8734.72766,tumor cells
70606,15224.29412,8630.647059,tumor cells
70772,14958.66403,8269.351779,tumor cells
70837,15276.41569,9047.070588,non-immune cells
70937,14046.47447,8464.57958,tumor cells
71027,14874.35776,8869.077586,CD4 T cells
71216,14667.23944,8370.302817,tumor cells
71368,13622.13725,8251.644258,tumor cells
71419,14276.96241,8396.368421,T cells
71714,14270.55714,8800.004762,CD4 T cells
71779,14220.88235,8134.679144,CD4 T cells
71860,14291.01235,8777.055556,CD8 T cells
71924,13501.50962,8209.903846,CD4 T cells
72086,15344.84409,9100.38172,tumor cells
72102,13687.09829,8329.970085,tumor cells
72249,13605.47682,8222.317881,tumor cells
72254,14598.19072,8328.582474,tumor cells
72265,13644.35518,8367.625793,tumor cells
72433,14981.65598,8931.128205,tumor cells
72548,13973.18994,8476.692737,M1 type macrophage
72595,13545.38,8204.32,M1 type macrophage
72697,13919.79769,8306.578035,tumor cells
72759,15110.57919,8447.488688,likely-NKT cells
72761,14625.84444,8320.9,tumor cells
72882,13918.76448,8104.028958,M1 type macrophage
73014,15000.54667,8432.346667,dendritic cells
73064,13965.79137,8421.442446,likely-NKT cells
73162,15308.71739,9132.021739,dendritic cells
73228,13754.3791,8420.925373,tumor cells
73421,14934.26033,8893.929752,likely-NKT cells
73475,14062.5,8743.682292,likely-NKT cells
73504,15380.90448,9241.647761,CD8 T cells
73578,15213.58362,9113.576792,tumor cells
73633,14163.22748,8207.306306,tumor cells
73700,14985.60909,8700.290909,tumor cells
73723,14355.08,8075.952941,tumor cells
73945,14835.38931,8758.083969,tumor cells
74058,15536.57463,9093.270522,non-immune cells
74167,15062.26357,8692.749354,likely-NKT cells
74185,14216.19649,8816.712281,non-immune cells
74447,13842.83333,8509.248718,tumor cells
74474,14482.44231,8294.673077,dendritic cells
74539,14340.58577,8522.794979,B cells
74750,14382.78195,8780.176692,CD4 T cells
74751,13697.08627,7949.905882,tumor cells
74824,14355.10945,8571.537313,CD8 T cells
74875,13932.67532,8501.449351,tumor cells
75019,14666.27679,8721.897321,tumor cells
75099,13964.07347,8533.081633,tumor cells
75259,14264.1462,8562.22807,CD8 T cells
75304,14068.34021,8535.360825,tumor cells
75375,13723.75912,7928.386861,tumor cells
75414,13739.80576,8364.348921,M1 type macrophage
75465,14716.09292,8714.051622,tumor cells
75497,14052.18543,8341.794702,tumor cells
75652,14023.03922,8448.496732,tumor cells
75710,13867.52044,8413.523161,tumor cells
75793,15251.75602,9288.542169,dendritic cells
75831,15424.95349,9242.131783,CD4 T cells
75865,13701.84424,8049.174455,tumor cells
75959,14937.12903,8334.330645,non-immune cells
76019,14202.88144,8811.412371,CD8 T cells
76081,14390.47917,8194.677083,M1 type macrophage
76451,13951.97897,8068.228972,non-immune cells
76632,14230.49209,8699.065026,tumor cells
77124,14404.15578,8373.58794,tumor cells
77208,14192.62162,8327.209459,NKT cells
77216,14046.41748,8650.252427,tumor cells
77218,14658.3719,8531.446281,M1 type macrophage
77519,14973.5283,8823.307278,dendritic cells
77527,14027.87697,8250.056782,non-immune cells
77589,15384.21285,8703.333333,NKT cells
77709,14191.57101,8773.928994,tumor cells
77720,13670.20882,8377.117647,tumor cells
77728,14894.30226,8618.066578,likely-NKT cells
77899,14919.79452,8320.144814,dendritic cells
77934,14091.95455,8704.965909,tumor cells
78019,15120.45171,9021.816199,M1 type macrophage
78137,13555.22747,8092.785408,M1 type macrophage
78229,14318.57453,8646.124224,tumor cells
78241,14320.42584,8572.004785,tumor cells
78253,14078.04559,8337.504559,tumor cells
78261,14341.40067,8667.299663,tumor cells
78279,14803.52788,8146.907063,tumor cells
78506,14944.00447,8598.214765,tumor cells
78512,14304.61074,8444.328859,M1 type macrophage
78517,15116.88469,9147.767396,M1 type macrophage
78519,13991.44582,8442.789474,tumor cells
78579,15667.98361,9011.688525,non-immune cells
78720,13696.82464,8247.023697,tumor cells
78740,14743.03797,8208.667722,M1 type macrophage
78805,13888.67681,8224.870722,tumor cells
78940,14854.40678,8313.415254,non-immune cells
78969,14311.57222,8706.733333,tumor cells
78998,14439.26786,8587.967857,M1 type macrophage
79082,13853.01534,8409.046012,tumor cells
79217,13795.02724,8250.747082,M1 type macrophage
79265,14624.40217,8785.070652,CD4 T cells
79449,14281.29741,8414.262931,T cells
79463,14773.40756,8321.983193,tumor cells
79493,14081.91438,8531.465753,tumor cells
79556,13881.54327,8179.201923,M1 type macrophage
79676,14723.24601,8241.086262,CD4 T cells
80067,14620.21918,8401.472603,tumor cells
80085,14091.86039,8328.899351,tumor cells
80156,13620.73826,8334.161074,tumor cells
80218,14049.77889,7947.326633,CD8 T cells
80234,15345.56937,9222.324324,non-immune cells
80268,15087.22475,9069.464646,dendritic cells
80285,14003.59394,8146.09697,tumor cells
80295,14915.11189,8625.874126,tumor cells
80309,13586.99065,7981.579439,tumor cells
80361,14233.42578,8786.851563,non-immune cells
80383,14215.13291,7942.468354,tumor cells
80390,13530.33068,8199.454183,dendritic cells
80428,13869.57,8431.246667,tumor cells
80478,15440.2803,9125.537879,dendritic cells
80604,15064.00422,8480.417722,dendritic cells
80652,13930.96842,8084.663158,tumor cells
80720,15012.00352,8593.066901,likely-NKT cells
80724,14348.39326,8654.303371,tumor cells
80948,13920.42475,8554.541806,tumor cells
81034,14078.2383,8641.374468,tumor cells
81260,14824.24048,8731.242485,CD8 T cells
81312,14618.6131,8548.52381,M1 type macrophage
81722,15165.72396,9218.484375,dendritic cells
81741,15128.49511,9075.570033,dendritic cells
81997,14925.5444,8783.208494,tumor cells
82037,13985.93624,8667.721477,tumor cells
82044,13991.35955,8381.719101,tumor cells
82060,13793.25338,8270.219595,M1 type macrophage
82095,14692.8862,8464.440678,non-immune cells
82332,14518.91935,8448.229839,NKT cells
82510,14296.51429,8363.669841,tumor cells
82574,14244.45217,8301.834783,likely-NKT cells
82659,14209.5662,8126.391549,likely-NKT cells
82794,13884.27248,8535.346049,CD8 T cells
82810,13928.84483,8396.25,tumor cells
82854,13738.95635,8343.305556,tumor cells
83025,14974.7929,8781.946746,M1 type macrophage
83171,14893.45407,8186.015748,tumor cells
83223,14748.19741,8703.459547,CD8 T cells
83252,14666.04651,8685.011628,tumor cells
83585,14538.94709,8583.312169,CD4 T cells
83737,14151.928,8725.544,CD8 T cells
83871,13951.11429,8424.1,CD8 T cells
83882,14106.2069,8127.055172,M1 type macrophage
84000,13982.29703,8483.717822,M1 type macrophage
84169,14202.86533,8585.744986,CD8 T cells
84274,13556.52941,8167.731092,tumor cells
84337,13907.07246,7911.594203,tumor cells
84403,13818.28571,8482.675325,non-immune cells
84566,13608.31452,8042.379032,tumor cells
84635,13518.79703,8155.569307,CD4 T cells
84720,15008.48171,8312.841463,non-immune cells
84801,14257.46108,7938.748503,tumor cells
84873,14091,8389.976127,tumor cells
84889,13814.28195,8125.890977,M1 type macrophage
84976,13981.56696,8027.098214,tumor cells
85007,13831.96774,8321.903226,M1 type macrophage
85037,14668,8501.857143,likely-NKT cells
85071,14959.52518,8892.438849,tumor cells
85188,14443.46749,8481.79257,tumor cells
85231,13994.75352,8723.492958,CD8 T cells
85243,14078.12245,8310.561224,tumor cells
85253,13674.42,8306.67,tumor cells
85296,13688.64479,8464.324324,tumor cells
85325,14542.46635,8174.538462,CD8 T cells
85391,13838.28378,8360.155405,tumor cells
85398,14558.69261,8449.276265,tumor cells
85451,15257.81915,8980.553191,CD4 T cells
85486,13599.17227,7963.747899,CD8 T cells
85495,14206.78636,8281.4,dendritic cells
85689,13870.09509,7894.429448,tumor cells
85700,14889.48224,8945.184426,non-immune cells
85863,14197.01569,8788.466667,CD8 T cells
85961,13835.47484,8306.625786,M2 type macrophage
86282,14856.08,8767.141538,non-immune cells
86892,13873.2956,8636.27673,dendritic cells
87153,15402.87568,9288.605405,CD8 T cells
87329,14184.3,8719.430769,tumor cells
87372,15265.89549,8863.764846,M1 type macrophage
87702,15384.563,9280.394102,CD8 T cells
87938,14599.85616,8637.60274,CD4 T cells
88022,15341.0625,9147.340278,tumor cells
88141,14351.18045,8642.150376,tumor cells
88256,13930.47439,7661.086253,tumor cells
88347,14595.53237,8342.384892,M1 type macrophage
88375,14130.47458,8550.262712,tumor cells
88698,14212.26718,8150.572519,tumor cells
88760,14620.23226,8527.741935,dendritic cells
88863,13684.43096,8443.857741,tumor cells
88930,13840.18848,8622.21466,CD8 T cells
89077,14386.24286,8565.588571,tumor cells
89420,14520.36,8422.56,tumor cells
89501,14234.93939,8283.575758,M1 type macrophage
89583,15416.86905,9130.797619,tumor cells
89642,14292.52571,8414.662857,tumor cells
89679,14096.35644,8350.29703,non-immune cells
89900,14907.5661,8309.732203,non-immune cells
89911,14840.18182,8255.647727,non-immune cells
90071,15472.264,9115.168,dendritic cells
90083,14697.15702,8233.165289,dendritic cells
90250,13671.99324,8608.472973,CD8 T cells
90365,15170.26415,9030.471698,CD4 T cells
90452,15269.56497,8786.898305,tumor cells
90488,14389.22277,8116.940594,tumor cells
91061,13571.83962,8172.037736,tumor cells
91260,13848.01316,8650.223684,CD4 T cells
91397,14012.56757,8646.162162,tumor cells
91416,14156.19858,8331.078014,M1 type macrophage
91516,13586.03681,7966.484663,tumor cells
91644,14288.84615,8261.438462,tumor cells
91764,14740.58719,8688.341637,tumor cells
91880,13696.81714,8406.702857,tumor cells
91921,14708.12315,8247.862069,CD4 T cells
92126,14852.71193,8254.251029,tumor cells
92133,14854.72277,8795.50495,tumor cells
92142,13985.52632,8330.763158,tumor cells
92226,13965.3125,8029.25,tumor cells
92260,13824.42553,8523.717325,tumor cells
92358,14252.86364,8753.172727,non-immune cells
92535,14640.37179,8314.051282,tumor cells
93160,13926.66667,8284.229885,tumor cells
93210,13944.70175,8410.578947,M1 type macrophage
93301,14353.08148,8257.385185,tumor cells
93350,13908.33803,8069.995305,M1 type macrophage
93465,13804.6,8279.918182,M1 type macrophage
93541,14667.94186,8585.406977,CD4 T cells
93709,13853.51887,8569.018868,tumor cells
93726,13852.45238,8597.297619,M1 type macrophage
93878,13682.99398,8371.006024,tumor cells
93897,13831.14815,8281.185185,tumor cells
93907,13632.69767,8396.726744,tumor cells
93984,13846.40323,7932.919355,tumor cells
94235,14527.44375,8519.6375,tumor cells
94241,13494.63542,8075.072917,CD8 T cells
94316,15153.84672,8977.189781,tumor cells
94498,13666.52174,8661.467391,M1 type macrophage
94988,14371.35294,8534.811765,tumor cells
95069,13597.04124,8231.020619,tumor cells
95184,15163.34286,8561.4,non-immune cells
95234,14723.89809,8594.471338,tumor cells
95416,14445.75781,8189.257813,M1 type macrophage
95632,13979.77778,8607.922222,tumor cells
95673,13862.19136,8487.777778,CD4 T cells
95715,14203.68868,8645.981132,tumor cells
95917,14130.99123,8486.438596,tumor cells
96120,14039.86441,8500.533898,tumor cells
96166,14354.67568,7870.567568,tumor cells
96234,14937.39352,8965.027778,tumor cells
96574,14434.18121,8548.563758,tumor cells
96901,13640.95402,8072.425287,tumor cells
97160,14186.50746,8641.850746,non-immune cells
97442,14077.78571,8389.897959,tumor cells
