id,X,Y,Tipo
335897,26074.938697318008,11159.275862068966,B cells
152483,25793.858974358973,11236.19871794872,B cells
644226,26278.658914728683,11013.472868217052,B cells
438051,25909.140350877195,11328.666666666666,B cells
577385,26209.682403433475,11301.248927038629,B cells
628084,26260.40594059406,11017.029702970298,B cells
607380,24626.561946902653,11038.610619469027,B cells
576184,24475.01169590644,11471.008771929824,B cells
778744,24389.989966555186,11142.418060200667,B cells
733646,24659.353846153845,12055.823076923078,B cells
823632,24640.14197530864,11053.20987654321,B cells
902811,24350.135,11809.44,B cells
235400,24552.329479768785,11702.621387283238,B cells
662285,24462.341726618703,11711.3309352518,B cells
417936,25257.24064171123,10990.7807486631,CD4+ T cells
465989,24930.135869565216,10727.092391304348,CD4+ T cells
1009419,24449.04016064257,10467.397590361446,Ki67+ tumor cells 
524455,24748.405627198124,11552.230949589684,Ki67+ tumor cells 
556926,24755.851796407187,11585.303892215568,Ki67+ tumor cells 
800857,24511.69047619048,11924.489795918367,Ki67+ tumor cells 
948912,24303.19262295082,11068.08299180328,Ki67+ tumor cells 
28834,23201.885931558936,10188.002534854246,Ki67+ tumor cells 
374029,24797.71308724832,11741.511744966445,Ki67+ tumor cells 
200965,24155.86722689076,10394.089075630252,Ki67+ tumor cells 
257910,23386.249017038008,10086.044560943645,Ki67+ tumor cells 
786538,24758.390532544377,11623.510848126232,Ki67+ tumor cells 
872219,23791.935153583618,10250.100113765642,Ki67+ tumor cells 
334074,23484.598066298346,10067.127071823204,Ki67+ tumor cells 
20628,24795.59025270758,11267.410649819494,Ki67+ tumor cells 
13997,24745.29173419773,11336.42220421394,Ki67+ tumor cells 
612426,24265.558035714286,11075.035714285714,Ki67+ tumor cells 
586324,24746.309949892628,11480.365783822475,Ki67+ tumor cells 
831013,24434.935344827587,10452.525862068966,Ki67+ tumor cells 
248299,25151.9573283859,11347.196660482376,Ki67+ tumor cells 
238065,24762.29437229437,11684.588744588744,Ki67+ tumor cells 
409684,23888.23326959847,10293.586998087954,Ki67+ tumor cells 
894425,24771.235185185185,11654.792592592592,Ki67+ tumor cells 
729294,24649.46103896104,10658.406926406926,Ki67+ tumor cells 
488200,25027.377622377626,11001.776223776224,M1/M0 macrophages
937120,24428.191666666666,12016.858333333334,M1/M0 macrophages
208209,24898.52564102564,11060.233974358976,M1/M0 macrophages
627239,26342.96097560976,10975.678048780488,M1/M0 macrophages
885483,25622.722222222223,10824.534722222224,M1/M0 macrophages
425149,25773.98850574713,11336.5,M1/M0 macrophages
534012,24193.72077922078,10393.458874458876,M1/M0 macrophages
715679,24438.094420600857,12072.064377682404,M1/M0 macrophages
963883,23010.723880597016,10436.41791044776,M1/M0 macrophages
359184,26327.21886792453,11030.143396226416,M1/M0 macrophages
562007,25634.34010152284,11238.41116751269,M1/M0 macrophages
835223,26225.32740213523,11387.733096085409,M1/M0 macrophages
220471,23632.304582210243,10500.822102425876,M1/M0 macrophages
695876,26385.45925925926,10767.014814814816,M1/M0 macrophages
124300,23574.8984375,10325.2890625,M1/M0 macrophages
586606,24544.75,11927.598214285714,M1/M0 macrophages
832765,25520.14179104477,11264.41791044776,M1/M0 macrophages
622639,23471.261467889908,10092.298165137614,M1/M0 macrophages
786710,24859.82786885246,10747.77049180328,M1/M0 macrophages
917818,25942.52755905512,11490.6719160105,M1/M0 macrophages
558006,24402.30459770115,12007.008620689656,M1/M0 macrophages
929838,24356.91715976332,11381.74852071006,M1/M0 macrophages
355701,25558.94140625,10838.58984375,M1/M0 macrophages
793363,25778.914772727272,11152.119318181818,M1/M0 macrophages
320993,24717.34451901566,11455.230425055928,M1/M0 macrophages
522399,26135.487654320987,10869.407407407409,M1/M0 macrophages
372916,25510.66889632107,11239.688963210703,M1/M0 macrophages
660681,23550.1788856305,10412.818181818182,M1/M0 macrophages
408137,23779.777327935222,10479.36032388664,M1/M0 macrophages
560300,25509.33067729084,10900.71314741036,M1/M0 macrophages
344450,26145.971518987342,10642.518987341771,M1/M0 macrophages
338793,26113.55737704918,10857.939890710382,M1/M0 macrophages
225243,23716.54790419161,10518.93113772455,M1/M0 macrophages
1040261,25786.597014925374,11343.820895522387,M1/M0 macrophages
201238,23628.15135135136,10521.567567567568,M1/M0 macrophages
688934,24870.63068181818,10751.448863636364,M1/M0 macrophages
301040,24661.71493212669,11822.0407239819,M1/M0 macrophages
561828,24416.81920903955,12022.38418079096,M1/M0 macrophages
457913,25609.827338129497,10809.956834532371,M1/M0 macrophages
770708,24639.23131672597,10674.241992882562,M1/M0 macrophages
395649,26184.4427480916,11432.587786259544,M1/M0 macrophages
606365,24423.640909090907,11975.277272727271,M1/M0 macrophages
598494,23645.77232142857,10532.830357142857,M1/M0 macrophages
452042,26150.422641509434,10880.015094339622,M1/M0 macrophages
864495,23173.14406779661,10399.5,M1/M0 macrophages
981216,26041.880658436214,10788.189300411525,M1/M0 macrophages
498997,26195.161073825504,11137.738255033555,M2 macrophages
609180,26420.117346938776,10767.270408163266,M2 macrophages
748442,25582.345911949684,10846.685534591195,M2 macrophages
692205,25144.303317535545,11125.748815165876,M2 macrophages
705266,25951.10828025477,10937.859872611463,M2 macrophages
719812,25029.434108527134,10929.7157622739,M2 macrophages
427294,25798.5202020202,10891.0101010101,M2 macrophages
524135,25168.2077294686,11037.468599033817,M2 macrophages
978884,25834.202127659573,11025.468085106382,M2 macrophages
1000582,24433.30612244898,11143.326530612245,M2 macrophages
629829,26142.668639053256,11006.550295857987,M2 macrophages
36220,26142.22632794457,11278.376443418014,M2 macrophages
955226,25249.353846153845,10970.115384615385,M2 macrophages
338952,23968.49315068493,10357.65296803653,M2 macrophages
591801,24557.261904761905,10710.460317460318,M2 macrophages
766280,24709.505,10761.405,M2 macrophages
885528,26060.98130841121,11264.570093457944,M2 macrophages
947680,26001.028985507248,11060.847826086956,M2 macrophages
1033364,26110.25,11058.454545454546,M2 macrophages
719824,25728.549180327867,10936.5,M2 macrophages
537401,25380.93,11057.44,M2 macrophages
1011471,24774.647058823528,10889.720588235294,M2 macrophages
881494,25919.702127659573,11158.260638297872,M2 macrophages
417549,26232.835443037973,11178.949367088608,M2 macrophages
775199,24507.59756097561,11125.959349593497,M2 macrophages
373097,25235.762295081968,10961.647540983606,M2 macrophages
316006,26107.73106060606,11491.541666666666,M2 macrophages
932807,26177.948051948053,11174.636363636364,M2 macrophages
696339,25406.40182648402,10973.091324200914,M2 macrophages
373356,25852.32323232324,11107.771043771045,M2 macrophages
732332,26306.82282282282,11267.05105105105,M2 macrophages
989869,25461.086666666662,11285.5,M2 macrophages
154585,24426.23283582089,11999.071641791044,M2 macrophages
730974,26208.35714285714,11026.07142857143,M2 macrophages
1022626,26345.98863636364,10771.21590909091,M2 macrophages
930215,25836.05649717514,10974.107344632768,M2 macrophages
995315,26124.375,11139.467592592591,M2 macrophages
798212,24625.859259259258,11917.548148148147,M2 macrophages
1021242,26042.59390862944,11444.22842639594,M2 macrophages
749152,26321.48743718593,10975.944723618091,M2 macrophages
913813,26153.91743119266,11317.29357798165,M2 macrophages
918355,26027.425120772947,11251.111111111111,M2 macrophages
236189,26062.081871345028,11510.154970760232,M2 macrophages
884876,25999.298342541435,11138.563535911602,M2 macrophages
724741,25765.33073929961,10881.505836575876,M2 macrophages
639512,25535.47,11288.59,M2 macrophages
1034214,24717.81818181818,12072.8,M2 macrophages
955299,25818.805970149253,11068.253731343284,M2 macrophages
659986,26259.93801652893,11242.363636363636,M2 macrophages
275133,24259.344155844155,11764.98051948052,M2 macrophages
786477,26206.4776119403,11276.805970149251,M2 macrophages
845827,26151.202898550724,11236.746376811594,M2 macrophages
748323,26173.86784140969,11507.63436123348,M2 macrophages
613013,24559.5945945946,11928.556756756756,M2 macrophages
920992,26206.166666666668,10890.283950617284,M2 macrophages
910446,24542.614285714284,11946.457142857143,M2 macrophages
1008497,24502.36607142857,11390.38392857143,M2 macrophages
818366,26033.20359281437,11058.08383233533,M2 macrophages
720980,26090.612903225807,10703.351906158356,M2 macrophages
841880,26024.81081081081,11184.454545454546,M2 macrophages
996330,26312.5625,10920.916666666666,M2 macrophages
700119,25621.75,11074.7,M2 macrophages
891423,25177.386243386245,11124.62962962963,M2 macrophages
952513,26430.803149606298,10933.692913385828,M2 macrophages
694464,26304.0,11165.317757009348,M2 macrophages
803189,25046.12121212121,11084.823232323231,M2 macrophages
475431,26275.95075757576,10905.82196969697,M2 macrophages
590629,26195.241379310344,11151.53448275862,M2 macrophages
80112,26419.34328358209,10982.037313432837,M2 macrophages
738695,26320.543543543543,11116.453453453454,M2 macrophages
425920,26003.08653846154,11266.820512820514,M2 macrophages
461667,25961.686335403727,11333.040372670808,M2 macrophages
641535,26133.42760942761,11298.441077441075,M2 macrophages
605492,25468.03717472119,11270.96654275093,M2 macrophages
680451,26053.66222222222,11102.022222222222,M2 macrophages
304141,25640.361256544504,11072.887434554974,M2 macrophages
805472,26113.81308411215,11365.415887850468,M2 macrophages
234287,26063.445945945947,11250.655405405403,M2 macrophages
707387,25915.05752212389,11109.230088495577,M2 macrophages
742423,24900.47157190636,10758.545150501672,M2 macrophages
541289,25024.69003690037,10896.863468634689,M2 macrophages
565144,25577.743362831858,11018.508849557522,M2 macrophages
214360,25135.07650273224,10914.453551912567,M2 macrophages
644568,25911.87037037037,11170.388888888889,M2 macrophages
298510,25485.605734767025,10952.358422939067,M2 macrophages
740438,26073.26771653544,11400.015748031496,M2 macrophages
406343,23280.68085106383,10217.787234042553,M2 macrophages
459400,26188.79558011049,10887.160220994476,M2 macrophages
755265,26147.921951219512,10933.546341463414,M2 macrophages
939778,25562.38211382114,11056.426829268292,M2 macrophages
742105,25185.41221374046,10902.080152671757,M2 macrophages
437413,25415.65410958904,11071.116438356165,M2 macrophages
395505,25209.31506849315,11035.22602739726,M2 macrophages
258925,25261.47413793104,11058.26724137931,M2 macrophages
819794,25246.734265734267,11068.874125874128,M2 macrophages
686365,26365.440217391304,10817.059782608696,M2 macrophages
403071,26047.20658682635,11167.637724550896,M2 macrophages
214922,26284.869451697126,10866.3681462141,M2 macrophages
820341,24458.665236051504,11648.678111587982,M2 macrophages
900058,26242.73140495868,11028.09090909091,M2 macrophages
580617,25738.419512195123,11065.063414634147,M2 macrophages
115038,26067.525316455696,11233.367088607594,M2 macrophages
412193,25696.97596153846,10898.78846153846,M2 macrophages
430212,25884.23214285714,11116.27380952381,M2 macrophages
260520,25775.15488215488,11293.144781144782,M2 macrophages
643228,26273.507936507936,10967.162698412698,M2 macrophages
749855,25862.58394160584,11420.226277372263,M2 macrophages
738499,24439.802955665025,12090.586206896553,M2 macrophages
814131,26182.285,11496.045,M2 macrophages
655341,26134.89846153846,11448.307692307691,M2 macrophages
853284,25987.666666666668,11006.93220338983,M2 macrophages
941825,26480.939890710382,10903.945355191256,M2 macrophages
1020451,25905.15,11115.283333333333,M2 macrophages
572014,26199.32894736842,11195.820175438595,M2 macrophages
667100,26166.752851711022,11027.076045627377,M2 macrophages
552787,26063.91176470588,11549.505882352942,M2 macrophages
788025,25931.83760683761,11167.739316239316,M2 macrophages
849165,26204.541125541127,10942.09090909091,M2 macrophages
610260,24639.099337748343,11984.64459161148,M2 macrophages
567320,26271.84862385321,11345.926605504586,M2 macrophages
450563,26339.510344827588,10827.013793103448,M2 macrophages
711100,25198.182926829268,11133.201219512195,M2 macrophages
290305,26191.06909090909,11248.370909090909,M2 macrophages
435814,26271.804347826088,11182.62608695652,M2 macrophages
707734,25968.242424242424,10997.257575757576,M2 macrophages
645536,26073.176470588234,11480.474048442906,M2 macrophages
519815,25159.119834710746,11127.785123966942,M2 macrophages
938052,25520.1217948718,11254.865384615385,M2 macrophages
1000519,26135.615384615383,11375.923076923076,M2 macrophages
970581,26117.422018348625,11415.94495412844,M2 macrophages
533694,26025.961456102785,11227.665952890791,M2 macrophages
641579,24401.9905362776,12034.977917981072,M2 macrophages
526172,26016.453846153847,11314.958974358977,M2 macrophages
768290,25900.03448275862,11189.867374005304,M2 macrophages
970700,24418.238993710693,10565.377358490568,M2 macrophages
868289,26360.60728744939,10970.991902834008,M2 macrophages
992800,24414.55789473684,12096.652631578949,M2 macrophages
695472,24322.66141732284,10559.535433070869,M2 macrophages
946875,26245.864197530864,11149.802469135802,M2 macrophages
867499,25915.80686695279,11133.575107296138,M2 macrophages
893733,26163.29353233831,11208.726368159205,M2 macrophages
742891,26244.264788732395,10902.197183098591,M2 macrophages
571132,24426.63983050848,12083.86440677966,M2 macrophages
485974,25938.829383886256,11397.369668246443,M2 macrophages
863168,25981.795620437955,11160.61313868613,M2 macrophages
292149,26387.645320197043,10841.541871921185,M2 macrophages
405543,25825.101265822785,11047.487341772152,M2 macrophages
750801,25556.53846153846,11039.005128205128,M2 macrophages
460856,25472.20118343196,11178.775147928996,M2 macrophages
836362,26164.58048780488,11245.19024390244,M2 macrophages
1012878,25250.54135338345,10869.402255639096,M2 macrophages
632933,26095.078260869566,11274.620289855073,M2 macrophages
659183,25988.39024390244,11306.188153310104,M2 macrophages
910625,25998.832,11163.504,M2 macrophages
947345,26321.10752688172,10926.602150537634,M2 macrophages
694220,26119.79245283019,10685.018867924528,M2 macrophages
389603,26211.755102040817,11327.510204081633,M2 macrophages
602393,26070.017094017094,11096.102564102564,M2 macrophages
1028330,26223.46976744186,11242.158139534884,M2 macrophages
636922,26325.22448979592,11178.658163265309,M2 macrophages
764567,25106.41176470588,10754.779411764706,M2 macrophages
87118,26405.38202247191,10895.469101123595,M2 macrophages
801302,26010.754966887416,11151.096026490066,M2 macrophages
885004,24795.89411764705,11018.0,M2 macrophages
1021371,25963.555555555555,11061.555555555557,M2 macrophages
780489,24577.45348837209,10744.337209302326,M2 macrophages
760162,23602.339743589742,10505.397435897436,NK
392248,22963.222222222223,10399.777777777776,NK
258894,23451.532110091743,10289.840978593273,NK
508916,25638.802259887005,11222.401129943502,NK
496331,25211.42741935484,11201.064516129032,NK
902023,24631.98850574713,11282.145593869733,NK
607042,25150.350318471337,11100.299363057326,NK
174194,24243.723502304147,11659.248847926268,NK
308214,24736.074285714287,11961.337142857144,NK
863214,25224.711340206184,11200.386597938144,NK
475065,24653.296296296296,11508.992592592593,NK
507112,24403.52140077821,11099.058365758754,NK
924933,24391.910780669143,11439.256505576208,NK
872660,24277.826530612245,10557.010204081633,NK
554351,24666.150793650795,12094.90476190476,NK
448577,23223.417647058825,10338.176470588236,NK
806693,23750.61728395061,10295.802469135802,NK
770122,25717.86301369863,11303.219178082192,NK
593536,25346.263157894737,11215.263157894737,NK
550233,25252.73577235772,11264.508130081302,NK
777840,24635.086363636365,11654.295454545454,NK
719433,22976.634285714284,10267.588571428572,NK
678459,23645.0,10429.380952380952,NK
280434,25225.608938547484,11218.553072625698,NK
954803,24302.586776859505,10690.851239669422,NK
409791,25270.835227272728,11164.142045454546,NK
399470,23404.133928571428,10408.89732142857,NK
256784,25194.957894736843,11190.1,NK
522787,25379.245161290324,11163.883870967742,NK
709969,25957.059027777777,11044.5,NK
477005,24676.910344827586,11803.813793103447,NK
871361,24486.6717948718,10984.825641025642,NK
335499,23813.244444444445,10301.525925925926,NK
276182,23269.77540106952,10412.625668449198,NK
846801,25260.206896551725,11168.163793103447,NK
444135,24006.35185185185,10369.68888888889,NK
1010688,24731.923664122136,11731.770992366412,NK
145779,24625.49603174603,10916.88492063492,NK
549941,25215.03125,10950.828125,NK
481920,25368.23776223776,11218.517482517482,NK
845072,24707.40863787376,11246.51827242525,NK
446868,24026.96153846154,10402.21153846154,NK
212532,24923.98285714286,10773.017142857145,NK
451535,25633.79487179487,11176.119658119658,NK
429529,23167.46560846561,10297.037037037036,NK
386593,24630.804020100502,11001.874371859296,NK
865903,25515.714285714286,11129.52380952381,NK
58673,24996.31294117647,10789.12,NK
766961,25873.917647058825,10996.829411764706,NK
465818,22988.56989247312,10380.591397849465,NK
165416,25251.220125786163,11227.786163522012,NK
217661,25386.0,11189.153846153846,NK
953137,24611.863247863246,11559.564102564103,NK
1006727,25376.066666666666,11315.016666666666,NK
305021,24129.420765027324,10435.939890710382,NK
444493,24829.30386740332,10940.049723756903,NK
587216,23230.981927710844,10349.289156626506,NK
384156,24378.75105485232,10454.518987341771,NK
156552,24538.49107142857,11935.839285714286,NK
432310,24850.74871794872,10962.938461538462,NK
589315,24640.62427745665,11515.676300578034,NK
634672,24282.59139784946,11614.752688172042,NK
887301,25516.51851851852,11211.444444444443,NK
586088,23383.12138728324,10387.260115606936,NK
1020854,24772.22602739726,10998.157534246577,NK
1027447,25637.182795698925,11165.032258064515,NK
934913,24578.89423076923,11481.067307692309,NK
573346,23030.87373737374,10399.388888888889,NK
1006626,24780.8,11130.548387096776,NK
807133,22989.751879699248,10393.225563909777,NK
459449,24628.51256281407,11567.869346733669,NK
485594,24373.83,10606.553333333331,NK
664301,24591.938547486032,11152.659217877095,NK
622711,25282.122807017546,11061.815789473683,NK
1021849,25356.511627906977,11221.279069767445,NK
630537,24313.417857142857,10415.17857142857,NK
482282,23013.106918238995,10424.805031446542,NK
535387,23346.46153846154,10352.503496503496,NK
995329,24746.24882629108,11914.422535211268,NK
956896,26115.067901234568,10839.524691358023,NK
588330,24656.04207119741,10822.818770226537,NK
361359,25312.964912280702,11183.90350877193,NK
323822,25384.867132867133,10924.356643356645,NK
625304,24749.364285714284,12026.92857142857,NK
593157,24318.089285714286,10703.745535714286,NK
978368,25518.367647058825,11219.308823529413,NK
285053,24732.04294478528,11242.251533742332,NK
121253,23072.079545454544,10370.119318181818,NK
557979,25830.91616766467,10885.892215568862,NK
949330,24629.858585858587,11541.525252525253,NK
587488,23371.577777777777,10287.626666666669,NK
748896,24771.680555555555,11950.930555555557,NK
568373,24769.5568627451,11166.282352941176,NK
482588,25550.32773109244,11185.20168067227,NK
754208,25203.302469135804,11153.462962962964,NK
1010235,23355.985294117647,10286.970588235294,NK
955596,24756.50802139037,11094.058823529413,NK
678638,25756.87222222222,11227.788888888888,NK
921179,24309.897959183672,10429.74149659864,NK
240234,23304.47904191617,10383.077844311378,NK
47877,25768.320175438595,10979.644736842103,NK
198164,24748.093406593405,11668.0989010989,NK
971349,25413.05154639175,10963.59793814433,NK
311818,24634.31297709924,11862.870229007634,NK
323914,24558.972222222223,10972.07098765432,NK
886721,24645.384,11841.208,NK
679176,24268.09009009009,11621.27927927928,NK
134062,23234.30622009569,10283.851674641148,NK
783704,25151.093117408906,10883.53846153846,NK
489010,25222.37288135593,11156.313559322034,NK
939735,24934.09595959596,11012.5,NK
669531,24278.03488372093,11703.261627906975,NK
641974,23821.30769230769,10437.292307692309,NK
360937,25240.36752136752,11154.735042735045,NK
363687,24446.65408805032,10620.150943396226,NK
267182,24662.407582938387,11445.061611374407,NK
1005687,25204.09523809524,11195.642857142857,NK
189852,26051.52360515021,11019.884120171671,NK
928795,25390.85185185185,11215.351851851852,Unknown
714010,24248.233201581028,11626.09090909091,Unknown
808075,23375.194444444445,10265.513888888889,Unknown
643181,25460.061946902653,10900.743362831858,Unknown
974350,23029.57823129252,10271.0,Unknown
915962,23916.77852348993,10323.563758389262,Unknown
1040484,25530.6618705036,11301.762589928056,Unknown
933621,23236.636363636364,10304.363636363636,Unknown
775414,23032.741134751774,10344.0,Unknown
762012,23081.689119170984,10468.979274611398,Unknown
599608,23830.648484848483,10302.612121212122,Unknown
356129,23125.762589928057,10273.41726618705,Unknown
430185,25078.67135135135,11290.475675675676,Unknown
274409,23291.86705202312,10153.93930635838,Unknown
76325,25280.840909090908,11240.392045454546,Unknown
729392,25187.14285714286,11163.033613445376,Unknown
249814,25245.255689424364,11327.904953145917,Unknown
963818,24240.82474226804,11619.072164948451,Unknown
900579,24639.82119205298,11175.30463576159,Unknown
612889,25600.95238095238,11161.6,Unknown
703494,25381.57594936709,11306.835443037977,Unknown
982022,25225.71794871795,11172.71794871795,Unknown
1041895,25252.31868131868,11209.186813186812,Unknown
735533,25919.535211267605,10977.577464788732,Unknown
1021698,23175.212328767124,10285.212328767124,Unknown
735794,23345.48120300752,10285.646616541351,Unknown
942016,23105.981912144704,10245.320413436692,Unknown
1040175,24406.24727272728,11414.443636363636,Unknown
955581,25123.83098591549,11292.38028169014,Unknown
531216,25956.911111111112,11276.444444444443,dendritic cells
730009,24389.73825503356,12054.348993288591,dendritic cells
779173,24602.716981132075,12035.283018867924,dendritic cells
597439,25179.68508287293,11276.337016574586,dendritic cells
940224,24878.996732026146,10801.33660130719,dendritic cells
640524,24933.183908045976,10809.879310344828,dendritic cells
182888,24887.52244897959,10823.020408163266,dendritic cells
949031,25948.075,11262.61875,dendritic cells
873997,25999.28695652174,11389.173913043478,dendritic cells
304040,25926.170833333334,11482.758333333331,dendritic cells
977817,24371.268115942028,12051.130434782608,dendritic cells
108083,25079.410480349343,10742.3711790393,dendritic cells
971359,25922.6404494382,11446.393258426966,dendritic cells
826781,24621.236842105263,12114.757894736842,dendritic cells
484098,23748.335294117645,10501.126470588237,dendritic cells
539020,24550.228650137746,11980.94214876033,dendritic cells
253593,24864.020661157025,10783.59917355372,dendritic cells
796872,25899.283333333333,11238.141666666666,dendritic cells
735139,25901.170506912444,11251.414746543778,dendritic cells
993366,25925.51260504202,11455.310924369747,dendritic cells
704507,24369.76530612245,11830.913265306122,dendritic cells
840237,25853.39560439561,11410.703296703296,dendritic cells
895624,25879.74683544304,10853.18987341772,dendritic cells
370219,24918.175925925927,10808.925925925923,dendritic cells
589328,25533.36363636364,11273.385026737968,dendritic cells
791320,25896.877094972067,11455.13687150838,dendritic cells
395180,24338.26114649681,11989.452229299362,dendritic cells
657126,23613.69158878505,10466.355140186915,effector CD8+ T cells
532368,25357.37090909091,10938.636363636364,effector CD8+ T cells
614436,26134.124352331608,10811.554404145078,effector CD8+ T cells
478299,23303.67361111111,10261.583333333334,effector CD8+ T cells
227857,23058.60220994475,10170.486187845305,effector CD8+ T cells
743539,24646.057851239668,11873.272727272728,memory CD4+ T cells
901373,25998.81640625,11086.953125,memory CD4+ T cells
1009257,24746.093023255813,11242.75,memory CD4+ T cells
499023,24371.54098360656,11586.11475409836,memory CD4+ T cells
391911,26346.48,11046.395555555557,memory CD4+ T cells
323367,24696.20224719101,11661.96254681648,memory CD4+ T cells
765136,24304.59813084112,11560.710280373833,memory CD4+ T cells
285809,26211.973094170404,11233.905829596411,memory CD4+ T cells
637267,25559.77118644068,11202.186440677966,memory CD4+ T cells
353876,24505.24034334764,11635.17381974249,memory CD4+ T cells
261080,24769.3137254902,11905.75816993464,memory CD4+ T cells
567018,25237.048192771083,11123.277108433736,memory CD4+ T cells
747093,26111.72972972973,11008.216216216217,memory CD4+ T cells
445318,24347.155279503106,10754.726708074537,memory CD4+ T cells
593838,24511.47340425532,11098.686170212766,memory CD4+ T cells
330662,25653.556338028167,11200.19014084507,memory CD4+ T cells
762865,24313.12442396313,11495.534562211982,memory CD4+ T cells
1026425,24340.36,12007.3,memory CD4+ T cells
761091,24439.381443298967,10690.453608247422,memory CD4+ T cells
963185,26196.31168831169,11165.636363636364,memory CD4+ T cells
437504,24531.21848739496,12038.121848739496,memory CD4+ T cells
928958,25861.214285714286,11006.559523809525,memory CD4+ T cells
851694,25507.035087719298,11195.61403508772,memory CD4+ T cells
1013488,25567.45588235294,11190.35294117647,memory CD4+ T cells
297332,24681.27962085308,11821.554502369669,memory CD4+ T cells
1020118,25455.79047619048,10930.609523809524,memory CD4+ T cells
572537,24460.463636363635,11051.204545454546,memory CD4+ T cells
401654,24241.07654320988,11096.656790123458,memory CD4+ T cells
231953,24751.979487179487,10876.128205128203,memory CD4+ T cells
838602,23899.722222222223,10375.402777777776,memory CD4+ T cells
381511,24612.75,11888.689814814816,memory CD4+ T cells
724781,24122.520737327188,10475.645161290322,memory CD4+ T cells
724695,24693.906666666662,11917.706666666669,memory CD4+ T cells
543157,24393.50310559006,10457.490683229811,memory CD4+ T cells
379642,24704.821428571428,10997.692857142858,memory CD4+ T cells
494158,24280.477157360405,10519.730964467006,memory CD4+ T cells
214997,25372.872641509435,11203.646226415094,memory CD4+ T cells
773657,25399.854304635763,11261.205298013245,memory CD4+ T cells
947032,25479.539325842696,11161.14606741573,memory CD4+ T cells
501031,24346.29661016949,11998.99152542373,memory CD4+ T cells
786263,25401.2030075188,11213.037593984962,memory CD4+ T cells
518942,24495.84120171674,10606.65236051502,memory CD4+ T cells
373899,24324.91,11554.325,memory CD4+ T cells
781822,24721.296,11733.208,memory CD4+ T cells
953131,26203.886597938144,11256.886597938144,memory CD4+ T cells
992806,25199.40963855421,11203.44578313253,memory CD4+ T cells
92107,24669.27513227513,11497.137566137566,memory CD4+ T cells
121269,24121.0,10392.698245614036,memory CD4+ T cells
147681,25415.436781609194,11205.022988505749,memory CD4+ T cells
851342,25500.41841004184,11211.665271966527,memory CD4+ T cells
454296,24719.71559633028,11903.770642201836,memory CD4+ T cells
740962,24760.38260869565,11127.84347826087,memory CD4+ T cells
387107,24449.03363914373,11697.247706422018,memory CD4+ T cells
836432,24302.091743119265,11706.660550458717,memory CD4+ T cells
210980,23310.981382978724,10410.5664893617,memory CD4+ T cells
704870,24779.06321839081,11016.24712643678,memory CD4+ T cells
642170,25763.32083333333,11025.0625,memory CD4+ T cells
819390,24632.51155115512,11889.627062706271,memory CD4+ T cells
818111,24445.12030075188,12036.165413533834,memory CD4+ T cells
653475,24584.087431693988,11979.67213114754,memory CD4+ T cells
156954,24868.062992125982,10973.57874015748,memory CD4+ T cells
766179,26228.602272727272,11039.426136363636,memory CD4+ T cells
103263,25967.34523809524,10874.194444444443,memory CD4+ T cells
581322,25689.819277108432,11173.831325301206,memory CD4+ T cells
335442,25484.5390070922,11202.219858156028,memory CD4+ T cells
682801,25714.8984375,11166.21875,memory CD4+ T cells
740421,25180.65625,11197.16796875,memory CD4+ T cells
570021,24354.00549450549,11977.54945054945,memory CD4+ T cells
980655,26243.75531914893,11391.372340425532,memory CD4+ T cells
1016716,24542.351598173515,11339.566210045665,memory CD4+ T cells
467439,26007.789115646257,11443.285714285714,memory CD4+ T cells
229501,24774.48878923767,11120.47533632287,memory CD4+ T cells
203232,24587.8115942029,11567.652173913044,memory CD4+ T cells
816030,24617.293785310736,11552.107344632768,memory CD4+ T cells
697364,25940.72857142857,11051.214285714286,memory CD4+ T cells
485158,23632.10096153846,10430.778846153846,memory CD4+ T cells
389538,25671.76923076923,11171.115384615385,memory CD4+ T cells
38186,24735.617834394903,12012.426751592357,memory CD4+ T cells
993116,24517.77966101695,10607.56779661017,memory CD4+ T cells
283736,24418.45679012345,11075.090534979425,memory CD4+ T cells
574075,26158.897590361445,11095.096385542169,memory CD4+ T cells
378737,25927.2012195122,11097.121951219511,memory CD4+ T cells
727549,24360.971962616823,11966.355140186915,memory CD4+ T cells
823431,24334.907692307694,10407.332307692308,memory CD4+ T cells
805675,23002.63793103448,10388.836206896553,memory CD4+ T cells
664839,24415.28488372093,10664.029069767445,memory CD4+ T cells
529257,25706.35714285714,11181.257142857145,memory CD4+ T cells
809785,24523.13888888889,11292.5,memory CD4+ T cells
494733,24237.6,11674.96,memory CD4+ T cells
350680,24788.527173913044,10935.646739130434,memory CD4+ T cells
349747,25877.147727272728,11008.676136363636,memory CD4+ T cells
568643,24646.11330049261,12107.310344827589,memory CD4+ T cells
186911,24524.05529953917,10594.285714285714,memory CD4+ T cells
650198,24748.366666666665,11305.038095238097,memory CD4+ T cells
402304,24385.460784313724,11089.477124183006,memory CD4+ T cells
1020185,24670.03305785124,11453.9173553719,memory CD4+ T cells
374057,24660.37777777778,12032.214814814815,memory CD4+ T cells
567066,23852.36170212766,10441.418439716312,memory CD4+ T cells
169904,25148.849056603773,11145.67924528302,memory CD4+ T cells
676821,24776.72891566265,11967.855421686749,memory CD4+ T cells
524245,24758.954545454544,11873.530303030304,memory CD4+ T cells
370371,24578.5198019802,11999.019801980196,memory CD4+ T cells
217486,23843.9477124183,10434.78431372549,memory CD4+ T cells
353214,24396.80769230769,11116.621301775149,memory CD4+ T cells
253928,26225.105839416057,11221.521897810218,memory CD4+ T cells
143623,24352.52631578948,11562.491228070176,memory CD4+ T cells
856781,25696.78571428572,11192.314285714288,memory CD4+ T cells
273054,24714.36036036036,11866.0,memory CD4+ T cells
973794,25640.60975609756,11207.040650406503,memory CD4+ T cells
773251,25651.537634408603,11219.52688172043,memory CD4+ T cells
107012,25292.39743589744,10996.423076923076,memory CD4+ T cells
303746,23306.19018404908,10347.0736196319,memory CD4+ T cells
538945,22996.69868995633,10420.366812227074,memory CD4+ T cells
942924,23292.056,10314.672,memory CD4+ T cells
563016,24431.652582159622,12031.469483568077,memory CD4+ T cells
468933,24351.53459119497,11954.238993710693,memory CD4+ T cells
551654,24720.85775862069,11012.741379310344,memory CD4+ T cells
692210,23417.69135802469,10410.302469135802,memory CD4+ T cells
179436,25579.213836477986,11190.044025157233,memory CD4+ T cells
343125,24219.243243243243,10558.56216216216,memory CD4+ T cells
741159,25677.164556962027,11212.253164556962,memory CD4+ T cells
968420,25176.511627906977,11345.802325581397,memory CD4+ T cells
507408,25528.809523809523,11217.958333333334,memory CD4+ T cells
63400,25535.36129032258,11193.870967741936,memory CD4+ T cells
796058,25585.43269230769,11198.298076923076,memory CD4+ T cells
460851,25684.36094674556,11193.24852071006,memory CD4+ T cells
860538,25899.53125,11204.6640625,memory CD4+ T cells
391634,24988.45238095238,11161.281746031746,memory CD4+ T cells
1023214,25969.43396226415,11080.85534591195,memory CD4+ T cells
295478,26364.362359550563,10886.311797752807,memory CD4+ T cells
837604,25329.95108695652,11233.766304347826,memory CD4+ T cells
568222,25280.005405405405,11223.048648648648,memory CD4+ T cells
1014347,24687.01351351352,10996.905405405403,memory CD4+ T cells
655576,24802.440514469454,11123.33762057878,memory CD4+ T cells
408237,26086.789156626503,11252.632530120482,memory CD4+ T cells
528190,24564.84210526316,11151.411483253589,memory CD4+ T cells
973136,24705.11224489796,11908.204081632652,memory CD4+ T cells
903870,24404.70754716981,11509.165094339623,memory CD4+ T cells
349087,24367.134275618373,11549.964664310954,memory CD4+ T cells
349732,24766.422330097088,11015.90291262136,memory CD4+ T cells
377985,24318.416666666668,10494.902777777776,memory CD4+ T cells
889283,26004.67391304348,11357.076086956522,memory CD8+ T cells
790055,25606.98581560284,11145.035460992907,memory CD8+ T cells
724033,26130.8046875,10670.2734375,memory CD8+ T cells
590527,24615.63821138212,11339.024390243903,memory CD8+ T cells
716059,24363.37121212121,11943.454545454546,memory CD8+ T cells
384706,24366.584905660377,10789.779245283018,memory CD8+ T cells
173320,24032.222222222223,10359.238095238095,memory CD8+ T cells
412292,23748.67567567568,10262.42471042471,memory CD8+ T cells
477547,24447.177884615383,11796.389423076924,memory CD8+ T cells
170097,23569.48087431694,10433.63387978142,memory CD8+ T cells
556944,25568.90163934426,10870.901639344262,memory CD8+ T cells
585594,26232.604,11207.32,memory CD8+ T cells
771626,24145.53890489913,10411.922190201729,memory CD8+ T cells
510850,24677.35555555556,11937.392592592592,memory CD8+ T cells
569849,25152.19318181818,11185.045454545454,memory CD8+ T cells
365106,24273.327338129497,10441.456834532371,memory CD8+ T cells
589624,24510.666666666668,11704.851851851852,memory CD8+ T cells
978081,25911.150943396227,11070.66037735849,memory CD8+ T cells
682161,25618.059139784946,11137.81182795699,memory CD8+ T cells
1003528,24435.938461538462,11806.36923076923,memory CD8+ T cells
708036,26113.808823529413,11259.132352941177,memory CD8+ T cells
791184,25992.048780487807,11348.874564459931,memory CD8+ T cells
81322,26239.70053475936,10760.847593582888,memory CD8+ T cells
370074,23292.79679144385,10252.70588235294,memory CD8+ T cells
45735,24769.044345898004,11293.59977827051,memory CD8+ T cells
479136,26055.376884422112,11375.698492462312,memory CD8+ T cells
532510,25692.95287958116,10806.256544502618,memory CD8+ T cells
542876,24386.91743119266,11832.272171253822,memory CD8+ T cells
197742,26004.10215053764,11605.967741935485,memory CD8+ T cells
396308,26113.241176470587,10669.988235294117,memory CD8+ T cells
751737,24512.585635359115,12008.453038674032,memory CD8+ T cells
809575,24689.779761904763,11942.52976190476,memory CD8+ T cells
679476,24288.032128514056,11122.100401606423,memory CD8+ T cells
576314,24498.3064516129,11793.606451612904,memory CD8+ T cells
423007,26307.591549295776,10852.6161971831,memory CD8+ T cells
188132,24352.37261146497,12059.506369426752,memory CD8+ T cells
338863,23734.93851132686,10331.721682847896,memory CD8+ T cells
568149,25732.62121212121,10808.087121212122,memory CD8+ T cells
748771,26088.78448275862,11422.021551724138,memory CD8+ T cells
395731,26186.416666666668,11451.322916666666,memory CD8+ T cells
673342,24641.09661835749,11900.995169082124,memory CD8+ T cells
884784,26147.41212121212,11363.169696969697,memory CD8+ T cells
551591,26097.55067567568,11205.52027027027,memory CD8+ T cells
266363,25332.806282722515,11288.685863874343,memory CD8+ T cells
1037128,26003.17708333333,11342.5,memory CD8+ T cells
414144,25998.21052631579,11366.338345864662,memory CD8+ T cells
580440,24466.043209876545,11841.033950617284,memory CD8+ T cells
797229,25699.463636363635,10848.74090909091,memory CD8+ T cells
599671,25756.27802690583,11137.080717488789,memory CD8+ T cells
361779,24045.10975609756,10380.466463414634,memory CD8+ T cells
535196,23730.414364640885,10255.977900552489,memory CD8+ T cells
677705,25575.07692307692,10885.692307692309,memory CD8+ T cells
249797,24584.840163934427,11440.405737704918,memory CD8+ T cells
326957,23792.256329113923,10349.12341772152,memory CD8+ T cells
948553,26131.05306122449,11245.983673469387,memory CD8+ T cells
765311,23472.6062992126,10245.125984251968,memory CD8+ T cells
738455,24497.358208955226,11720.294776119405,memory CD8+ T cells
1010786,24400.728531855955,11722.080332409972,memory CD8+ T cells
391199,24607.3216080402,11156.507537688442,memory CD8+ T cells
887683,25992.6511627907,11417.523255813954,neutrophils
504034,25983.353982300883,11421.58407079646,neutrophils
251268,24561.30526315789,11186.82105263158,neutrophils
897715,24467.25641025641,11605.77564102564,neutrophils
330158,24446.75535168196,11898.382262996942,neutrophils
847890,24643.303703703703,12077.6,neutrophils
801988,24479.10659898477,11677.035532994923,neutrophils
597657,24539.37010676157,11965.672597864768,neutrophils
690670,24519.6821192053,11133.602649006623,neutrophils
933375,24354.59574468085,11601.436170212766,neutrophils
572493,24952.0,11014.005555555555,neutrophils
755377,24380.67713004484,11407.318385650224,neutrophils
973076,24468.9595959596,11682.727272727272,neutrophils
863486,24532.41891891892,11981.506756756757,neutrophils
274179,25164.490566037737,10844.35220125786,neutrophils
617144,24523.09756097561,11157.951219512195,neutrophils
437876,24364.58333333333,11596.208333333334,neutrophils
715700,24382.39393939394,11421.557575757575,neutrophils
551937,25258.45794392524,11070.43925233645,neutrophils
760868,25996.30708661417,11408.031496062991,neutrophils
973775,25876.382716049386,11041.012345679012,neutrophils
596133,25864.22164948453,11041.494845360823,neutrophils
300422,24625.39024390244,12096.731707317073,neutrophils
720453,26160.58870967742,11223.59677419355,neutrophils
444916,24314.41717791411,11569.085889570551,neutrophils
763058,24359.19708029197,11724.821167883212,neutrophils
158828,24381.89887640449,10653.775280898875,neutrophils
1014557,24609.16071428572,11795.30357142857,neutrophils
853828,25640.77966101695,10823.661016949152,neutrophils
857379,24515.54054054054,11144.44864864865,neutrophils
870797,25964.858267716536,11466.779527559054,neutrophils
446606,24461.981949458484,11591.039711191335,neutrophils
992079,24452.00769230769,11915.51923076923,neutrophils
528572,24272.73404255319,11731.08510638298,neutrophils
794880,26350.094285714287,10722.902857142855,neutrophils
221600,24260.12365591398,11739.247311827958,neutrophils
319333,26242.914572864323,10965.291457286432,regulatory T cells
915552,24459.17733990148,11674.857142857143,regulatory T cells
143003,24931.4297188755,10884.79919678715,regulatory T cells
720683,24361.18205804749,11896.08179419525,regulatory T cells
237542,24757.91911764706,10908.345588235294,regulatory T cells
434208,25169.08510638298,11253.021276595744,regulatory T cells
521428,25883.65925925926,11406.71851851852,regulatory T cells
472390,24450.03092783505,11578.714776632303,regulatory T cells
324360,23689.31358885017,10513.414634146342,regulatory T cells
500094,24511.8,10701.6431372549,regulatory T cells
537492,24305.47315436241,11512.741610738254,regulatory T cells
449459,26378.55621301776,10809.970414201183,regulatory T cells
397273,24612.515909090907,11688.738636363636,regulatory T cells
154808,26095.866666666665,11480.079166666666,regulatory T cells
808764,24528.86885245901,12007.688524590165,regulatory T cells
690589,26123.83333333333,11313.549019607844,regulatory T cells
754809,24619.018041237112,11721.074742268042,regulatory T cells
829634,26158.430555555555,11169.541666666666,regulatory T cells
786245,24008.74045801527,10483.42748091603,regulatory T cells
539740,23888.86875,10499.8875,regulatory T cells
282225,24421.29315068493,11588.419178082191,regulatory T cells
684924,26126.58606557377,11500.57786885246,regulatory T cells
771466,24644.135135135137,11745.005405405404,regulatory T cells
989295,24750.63448275862,11084.2,regulatory T cells
333677,24314.112840466925,11110.33073929961,regulatory T cells
506446,26196.66135458168,10772.223107569722,regulatory T cells
316955,25890.010362694306,10858.922279792749,regulatory T cells
928925,24309.461224489794,10528.885714285714,regulatory T cells
558740,24489.280632411068,11541.426877470356,regulatory T cells
204583,26229.38785046729,10958.219626168224,regulatory T cells
150395,24588.51698113208,11883.901886792451,regulatory T cells
503497,24822.485477178423,10732.008298755189,regulatory T cells
669340,24702.787456446,11793.738675958188,regulatory T cells
410805,25949.1835443038,11092.658227848102,regulatory T cells
805681,24475.82057416268,10949.37799043062,regulatory T cells
726596,24621.177865612648,11943.99209486166,regulatory T cells
638051,24880.553459119496,10742.698113207549,regulatory T cells
669525,25721.666666666668,10856.393034825873,regulatory T cells
508764,24636.190697674418,11731.376744186047,regulatory T cells
428541,24377.81188118812,11890.09900990099,regulatory T cells
471656,24485.70703125,11813.6875,regulatory T cells
576819,24496.984375,11272.228125,regulatory T cells
680299,24400.04221635884,10527.464379947229,regulatory T cells
961623,26227.290322580644,10969.34677419355,regulatory T cells
564493,26244.7280334728,11404.820083682009,regulatory T cells
806051,25083.876790830946,11193.636103151865,regulatory T cells
593920,26098.662857142856,11555.642857142857,regulatory T cells
457020,24412.62650602409,11676.004819277108,regulatory T cells
765665,24799.374449339208,11108.991189427314,regulatory T cells
1017984,24747.37575757576,10767.054545454546,regulatory T cells
460909,25414.82575757576,10915.227272727272,regulatory T cells
866609,24511.7718446602,12094.233009708738,regulatory T cells
865972,26064.017699115044,11353.138643067849,regulatory T cells
197310,25818.46118721461,10967.908675799086,regulatory T cells
268016,24853.10035842294,11058.56989247312,regulatory T cells
214159,23671.434782608696,10509.155279503106,regulatory T cells
521261,26402.3593220339,10995.925423728811,regulatory T cells
763924,24423.26143790849,11809.418300653597,regulatory T cells
345377,24430.81297709924,11848.961832061068,regulatory T cells
1032110,23896.70526315789,10384.157894736842,regulatory T cells
643120,24725.58898305085,11370.06779661017,regulatory T cells
412032,24496.33920704846,12090.837004405286,regulatory T cells
858311,26211.985401459853,10776.518248175182,regulatory T cells
548429,24426.94907407408,11869.828703703704,regulatory T cells
846428,24676.54228855721,11763.233830845773,regulatory T cells
182730,24922.40366972477,11181.247706422018,regulatory T cells
744995,26169.37341772152,11168.17088607595,regulatory T cells
435014,24751.323636363635,10933.243636363635,regulatory T cells
606257,25116.6323024055,11204.45704467354,regulatory T cells
504321,23992.96195652174,10468.25,regulatory T cells
573895,26404.25,11031.577586206897,regulatory T cells
842949,24640.34523809524,11209.769047619047,stromal cells
469281,24531.691176470587,11874.18137254902,stromal cells
524333,24633.9783197832,12065.268292682927,stromal cells
929078,25969.811965811965,11426.376068376068,stromal cells
648629,23952.695205479453,10439.04109589041,stromal cells
525868,25472.54710144928,11037.434782608696,stromal cells
569416,24646.59067357513,10836.409326424871,stromal cells
445086,24377.314049586777,11526.00826446281,stromal cells
776364,25098.83146067416,11244.955056179777,stromal cells
816980,24359.378712871287,10549.064356435643,stromal cells
230691,24676.17088607595,11792.151898734175,stromal cells
913633,23632.84962406015,10224.541353383458,stromal cells
913046,24427.051075268817,11249.736559139785,stromal cells
108008,23905.265789473684,10487.955263157895,stromal cells
464421,24077.070572569908,10351.989347536615,stromal cells
594956,25271.441860465115,11187.576744186046,stromal cells
326339,26255.74055415617,10728.030226700252,stromal cells
595960,24829.10199556541,10889.168514412417,stromal cells
572530,24991.8253968254,11065.198412698412,stromal cells
595478,26243.358974358973,11097.080128205129,stromal cells
489034,25403.10447761194,11305.00497512438,stromal cells
351531,24685.14347826087,11419.052173913044,stromal cells
803557,24366.472868217053,11411.248062015504,stromal cells
727627,24112.061904761904,10465.838095238096,stromal cells
308836,24223.39644970414,10499.31952662722,stromal cells
593886,24625.516431924883,11063.666666666666,stromal cells
1041536,25986.53205128205,11075.721153846154,stromal cells
526226,24515.81588447653,11323.386281588448,stromal cells
542702,25593.25992779784,10948.71119133574,stromal cells
822269,24420.6224489796,10916.77551020408,stromal cells
47372,26027.066265060243,10949.17469879518,stromal cells
770421,25761.006134969324,11091.0736196319,stromal cells
312417,26113.63758389261,11404.986577181207,stromal cells
677403,24341.54135338345,11147.624060150376,stromal cells
469154,24895.19383259912,11037.911894273127,stromal cells
1037323,24318.872727272726,11761.218181818182,stromal cells
311617,25527.528,10992.192,stromal cells
1023033,24376.54705882353,12016.229411764703,stromal cells
776995,23343.309941520467,10211.19298245614,stromal cells
628074,24695.444444444445,11825.89898989899,stromal cells
614354,23257.822314049587,10370.355371900829,stromal cells
490333,24661.866972477063,10684.19266055046,stromal cells
869239,25838.244,11070.408,stromal cells
113134,25599.859060402683,11264.812080536913,stromal cells
762489,24488.865384615383,11663.628205128203,stromal cells
552409,26287.9356223176,11215.206008583693,stromal cells
969598,24318.208633093524,10570.453237410073,stromal cells
204661,25499.76470588236,10918.29411764706,stromal cells
710118,25249.410447761195,11087.574626865671,stromal cells
1027396,25862.974683544304,11058.93670886076,stromal cells
953323,26167.765217391305,10871.869565217392,stromal cells
712209,25643.629482071712,11307.03187250996,stromal cells
768250,25488.925,11220.2375,stromal cells
906632,23054.00386100386,10314.07722007722,stromal cells
977549,25843.639175257733,11202.40206185567,stromal cells
368747,24532.024615384616,11278.892307692307,stromal cells
827403,24347.516666666663,11421.370833333332,stromal cells
746427,24243.60559796437,11136.613231552165,stromal cells
591573,24689.406593406595,11871.912087912087,stromal cells
689354,26035.1007751938,11506.97416020672,stromal cells
916301,24613.255605381168,11777.32735426009,stromal cells
465481,26197.48792270532,10959.526570048309,stromal cells
976040,24774.95808383233,10790.54491017964,stromal cells
131008,24486.364457831325,10661.659638554216,stromal cells
154835,24386.92857142857,11671.344720496894,stromal cells
881421,26045.870535714286,11549.40625,stromal cells
290092,24645.445054945056,10720.906593406591,stromal cells
528230,24419.12261904762,10796.89880952381,stromal cells
504008,24632.286738351253,10901.20430107527,stromal cells
135708,25293.09944751381,11196.740331491712,stromal cells
870625,26382.280821917808,11027.328767123288,stromal cells
326180,24649.69874476988,11682.937238493723,stromal cells
761508,24332.14743589744,10748.24358974359,stromal cells
926365,24063.429292929293,10414.444444444443,stromal cells
473814,26375.874396135267,10748.92270531401,stromal cells
986754,25967.591666666667,11015.633333333331,stromal cells
483799,24399.010695187168,10472.994652406416,stromal cells
732407,24524.45544554456,11774.59900990099,stromal cells
831905,24839.77519379845,10810.51550387597,stromal cells
712123,24704.92128279884,10944.71720116618,stromal cells
584265,24307.368,11675.136,stromal cells
16160,24445.153039832287,10904.24318658281,stromal cells
1034060,24444.08571428572,11131.842857142858,stromal cells
571880,25213.405405405407,11064.594594594597,stromal cells
857948,25517.48427672956,11293.150943396226,stromal cells
807200,24682.114285714284,11777.814285714288,stromal cells
878438,24512.04402515724,11807.867924528302,stromal cells
534579,25274.453658536582,10994.580487804878,stromal cells
45191,24606.93953488372,10871.66046511628,stromal cells
841850,24258.568965517243,11889.956896551725,stromal cells
631699,24313.55873925501,11962.16905444126,stromal cells
898039,23176.31282051282,10425.866666666669,stromal cells
817030,24834.33128834356,10777.226993865032,stromal cells
904517,24520.71604938272,10645.845679012344,stromal cells
600559,25298.031578947368,11059.67894736842,stromal cells
263562,24264.27215189873,10464.322784810129,stromal cells
424591,24543.93979057592,11360.950261780104,stromal cells
708091,26051.189003436422,10964.271477663233,stromal cells
974286,24637.85714285714,11483.666666666666,stromal cells
649279,25224.0,10941.93103448276,stromal cells
549326,24101.68275862069,10472.606896551724,stromal cells
498519,24778.0,10728.040752351097,stromal cells
168244,25235.24233983287,11283.133704735375,stromal cells
564800,23600.936,10332.52,stromal cells
1027538,25749.30212765957,10961.289361702127,stromal cells
539312,25669.5,10977.108870967742,stromal cells
404323,25734.26605504587,11146.896024464831,stromal cells
153781,25823.309160305344,11119.664122137405,stromal cells
485499,25797.40835266821,11138.236658932714,stromal cells
648430,24265.84210526316,11853.593301435409,stromal cells
623098,23507.28965517241,10142.28275862069,stromal cells
890899,24643.39338235294,10989.441176470587,stromal cells
1021217,25822.52631578948,11363.77192982456,stromal cells
758607,25664.74146341464,10781.121951219511,stromal cells
254133,25299.54177897574,10951.126684636118,stromal cells
972792,24437.584415584417,11217.467532467532,stromal cells
655373,23889.48979591837,10447.8231292517,stromal cells
586396,24079.96923076923,10448.384615384615,stromal cells
329103,25908.36526946108,11557.071856287424,stromal cells
668020,26090.41148325359,11507.928229665073,stromal cells
552296,24389.228169014084,11866.994366197185,stromal cells
541304,24552.95512820513,11951.55128205128,stromal cells
294063,24318.64238410596,11859.741721854303,stromal cells
562673,25757.38888888889,11007.364197530864,stromal cells
708126,25141.65686274509,11177.745098039217,stromal cells
944454,25317.174311926607,11074.94495412844,stromal cells
329990,24534.691449814127,11398.72118959108,stromal cells
973781,24335.779411764703,10562.808823529413,stromal cells
1033947,25312.43076923077,11142.707692307691,stromal cells
1029805,24975.175,10832.516666666666,stromal cells
548502,25621.68449197861,10947.032085561495,stromal cells
736941,24632.38345864662,11115.274436090223,stromal cells
464139,26091.21818181818,10996.258181818182,stromal cells
398679,24478.567441860465,11741.45581395349,stromal cells
443216,24348.88947368421,11501.22105263158,stromal cells
920360,24570.60683760684,11111.25641025641,stromal cells
944363,25812.099337748343,11288.794701986755,stromal cells
301031,24923.0,11033.045627376428,stromal cells
164486,24300.90611353712,11997.277292576418,stromal cells
906794,26288.15447154472,10678.463414634149,stromal cells
946841,24515.047872340427,12022.382978723404,stromal cells
852258,24178.944751381216,10488.411602209944,stromal cells
468113,24340.560767590618,11169.820895522387,stromal cells
567730,23259.63445378152,10345.10924369748,stromal cells
263090,24451.73381294964,11822.931654676258,stromal cells
840165,24537.47770700637,12054.563694267516,stromal cells
665890,24421.63888888889,11752.383333333331,stromal cells
694068,26228.58823529412,11355.017647058825,stromal cells
721222,24367.398305084746,11982.550847457627,stromal cells
972706,24691.893805309734,11541.20353982301,stromal cells
394621,24725.452229299364,11589.745222929936,stromal cells
459420,24271.01552795031,11648.341614906833,stromal cells
820639,25291.0625,11027.901785714286,stromal cells
508221,24787.23151125402,10836.88424437299,stromal cells
555174,25093.1,10998.19375,stromal cells
432093,24514.11111111111,10664.847222222224,stromal cells
427343,24562.22789115646,11312.5,stromal cells
915397,26319.94652406417,11099.358288770054,stromal cells
1041069,25111.777777777777,10827.814814814816,stromal cells
739716,24364.5698005698,11754.490028490029,stromal cells
288804,25681.534722222223,10970.430555555557,stromal cells
880048,25840.532908704885,11392.59872611465,stromal cells
263780,26215.21757322176,10851.255230125524,stromal cells
865423,25542.248120300752,11260.007518796992,stromal cells
150156,25499.39603960396,11188.415841584158,stromal cells
655298,24461.355839416057,11514.974452554745,stromal cells
892266,25118.470588235294,11346.503676470587,tumor cells
921901,25791.08484848485,11259.712121212122,tumor cells
153072,23955.317034700314,10507.97003154574,tumor cells
191253,24776.104377104377,11245.602693602694,tumor cells
782314,25043.87037037037,11281.654320987656,tumor cells
329575,25088.478787878787,11329.846464646464,tumor cells
690888,23597.188524590165,10178.2868852459,tumor cells
639499,24471.43801652893,10534.171487603306,tumor cells
293015,23846.748743718592,10505.971524288108,tumor cells
574456,23585.0233463035,10476.44747081712,tumor cells
816438,22983.638461538463,10430.38717948718,tumor cells
988214,22965.495726495727,10374.192307692309,tumor cells
950941,24048.198895027625,10356.121546961323,tumor cells
890650,23797.42987804878,10520.086890243903,tumor cells
1028942,23792.34765625,10499.79296875,tumor cells
700304,23758.484184914843,10532.428223844285,tumor cells
385069,23826.1141439206,10495.004962779156,tumor cells
279744,24032.01714285714,10335.134285714286,tumor cells
875773,25784.393333333333,10847.906666666666,tumor cells
764349,23690.598152424944,10558.780600461894,tumor cells
836799,23830.075268817203,10275.433691756272,tumor cells
